0x92f279e4	96	_CGLSetCurrentContext	part_000	converted
0x92f27a44	48	dyld_stub_binding_helper	part_000	converted
0x92f27a74	168	_CGLGetCurrentContext	part_000	converted
0x92f27b4c	36	FUN_92f27b4c	part_000	converted
0x92f27b70	132	_glGetIntegerv	part_000	converted
0x92f27bf4	132	_glGetBooleanv	part_000	converted
0x92f27c78	124	_glGetString	part_000	converted
0x92f27cf4	148	_glViewport	part_000	converted
0x92f27d88	124	_glMatrixMode	part_000	converted
0x92f27e04	112	_glLoadIdentity	part_000	converted
0x92f27e74	124	_glShadeModel	part_000	converted
0x92f27ef0	160	_glClearColor	part_000	converted
0x92f27fc0	8	FUN_92f27fc0	part_000	converted
0x92f27fc8	24	FUN_92f27fc8	part_000	converted
0x92f27fe0	128	_glClearDepth	part_000	converted
0x92f28060	124	_glEnable	part_000	converted
0x92f280dc	124	_glDepthFunc	part_000	converted
0x92f28158	132	_glHint	part_000	converted
0x92f281dc	132	_glBlendFunc	part_000	converted
0x92f28260	140	_glLightfv	part_000	converted
0x92f282ec	124	_glDisable	part_000	converted
0x92f28368	124	_glClear	part_000	converted
0x92f283e4	160	_glTranslatef	part_000	converted
0x92f28484	132	_glPolygonMode	part_000	converted
0x92f28508	160	_glRotatef	part_000	converted
0x92f285a8	160	_glScalef	part_000	converted
0x92f28648	140	_glMaterialfv	part_000	converted
0x92f286d4	112	_glPushMatrix	part_000	converted
0x92f28744	112	_glPopMatrix	part_000	converted
0x92f287b4	124	_glGenLists	part_000	converted
0x92f28830	132	_glNewList	part_000	converted
0x92f288b4	124	_glCullFace	part_000	converted
0x92f28930	124	_glLoadName	part_000	converted
0x92f289ac	160	_glColor4f	part_000	converted
0x92f28a4c	124	_glBegin	part_000	converted
0x92f28ac8	160	_glVertex3d	part_000	converted
0x92f28b68	112	_glEnd	part_000	converted
0x92f28bd8	128	_glLineWidth	part_000	converted
0x92f28c58	140	_glStencilFunc	part_000	converted
0x92f28ce4	140	_glStencilOp	part_000	converted
0x92f28d70	148	_glColorMask	part_000	converted
0x92f28e04	124	_glDepthMask	part_000	converted
0x92f28e80	160	_glNormal3f	part_000	converted
0x92f28f20	160	_glVertex3f	part_000	converted
0x92f28fc0	112	_glEndList	part_000	converted
0x92f29030	132	_glDeleteLists	part_000	converted
0x92f290b4	160	_glTranslated	part_000	converted
0x92f29154	140	_glRotated	part_000	converted
0x92f291e0	124	_glCallList	part_000	converted
0x92f2925c	124	_glReadBuffer	part_000	converted
0x92f292d8	172	_glReadPixels	part_000	converted
0x92f29384	132	_glPixelStorei	part_000	converted
0x92f29408	132	_glGenTextures	part_000	converted
0x92f2948c	132	_glBindTexture	part_000	converted
0x92f29510	140	_glTexParameteri	part_000	converted
0x92f2959c	144	_glTexCoord2f	part_000	converted
0x92f2962c	132	_glLightModeli	part_000	converted
0x92f296b0	124	_glPushAttrib	part_000	converted
0x92f2972c	140	_glTexEnvi	part_000	converted
0x92f297b8	148	_glMaterialf	part_000	converted
0x92f2984c	112	_glPopAttrib	part_001	converted
0x92f298bc	148	_glTexEnvf	part_001	converted
0x92f29950	140	_glAlphaFunc	part_001	converted
0x92f299dc	124	_glEnableClientState	part_001	converted
0x92f29a58	112	_glGetError	part_001	converted
0x92f29ac8	112	_glFlush	part_001	converted
0x92f29b38	148	_glScissor	part_001	converted
0x92f29bcc	132	_glGetDoublev	part_001	converted
0x92f29c50	140	_glRectd	part_001	converted
0x92f29cdc	148	_glColorPointer	part_001	converted
0x92f29d70	148	_glVertexPointer	part_001	converted
0x92f29e04	148	_glTexCoordPointer	part_001	converted
0x92f29e98	140	_glDrawArrays	part_001	converted
0x92f29f24	140	_glPrioritizeTextures	part_001	converted
0x92f29fb0	192	_glTexImage2D	part_001	converted
0x92f2a070	156	_glFrustum	part_001	converted
0x92f2a10c	124	_glLoadMatrixf	part_001	converted
0x92f2a188	128	_glPassThrough	part_001	converted
0x92f2a208	124	_glActiveTextureARB	part_001	converted
0x92f2a284	144	_glVertex2f	part_001	converted
0x92f2a314	156	_glMultiTexCoord2f	part_001	converted
0x92f2a3b0	132	_glDeleteTextures	part_001	converted
0x92f2a434	140	_glFeedbackBuffer	part_001	converted
0x92f2a4c0	124	_glRenderMode	part_001	converted
0x92f2a53c	132	_glFogi	part_001	converted
0x92f2a5c0	132	_glFogfv	part_001	converted
0x92f2a644	140	_glFogf	part_001	converted
0x92f2a6d0	124	_glFrontFace	part_001	converted
0x92f2a74c	148	_glTexParameterf	part_001	converted
0x92f2a7e0	148	_glGetTexLevelParameteriv	part_001	converted
0x92f2a874	132	_glGetFloatv	part_001	converted
0x92f2a8f8	192	_glTexSubImage2D	part_001	converted
0x92f2a9b8	160	_glTexCoord3f	part_001	converted
0x92f2aa58	140	_glTextureRangeAPPLE	part_001	converted
0x92f2aaec	32	__dyld_func_lookup	part_001	converted
0x92f2ab64	32	FUN_92f2ab64	part_001	converted
0x92f2ab84	140	_glAccum	part_001	converted
0x92f2ac10	144	_glAreTexturesResident	part_001	converted
0x92f2aca0	124	_glArrayElement	part_001	converted
0x92f2ad1c	188	_glBitmap	part_001	converted
0x92f2add8	140	_glCallLists	part_001	converted
0x92f2ae64	160	_glClearAccum	part_001	converted
0x92f2af04	128	_glClearIndex	part_001	converted
0x92f2af84	124	_glClearStencil	part_001	converted
0x92f2b000	132	_glClipPlane	part_001	converted
0x92f2b084	140	_glColor3b	part_001	converted
0x92f2b110	124	_glColor3bv	part_001	converted
0x92f2b18c	160	_glColor3d	part_001	converted
0x92f2b22c	124	_glColor3dv	part_001	converted
0x92f2b2a8	160	_glColor3f	part_001	converted
0x92f2b348	124	_glColor3fv	part_001	converted
0x92f2b3c4	140	_glColor3i	part_001	converted
0x92f2b450	124	_glColor3iv	part_001	converted
0x92f2b4cc	140	_glColor3s	part_001	converted
0x92f2b558	124	_glColor3sv	part_001	converted
0x92f2b5d4	140	_glColor3ub	part_001	converted
0x92f2b660	124	_glColor3ubv	part_001	converted
0x92f2b6dc	140	_glColor3ui	part_001	converted
0x92f2b768	124	_glColor3uiv	part_001	converted
0x92f2b7e4	140	_glColor3us	part_001	converted
0x92f2b870	124	_glColor3usv	part_002	converted
0x92f2b8ec	148	_glColor4b	part_002	converted
0x92f2b980	124	_glColor4bv	part_002	converted
0x92f2b9fc	140	_glColor4d	part_002	converted
0x92f2ba88	124	_glColor4dv	part_002	converted
0x92f2bb04	124	_glColor4fv	part_002	converted
0x92f2bb80	148	_glColor4i	part_002	converted
0x92f2bc14	124	_glColor4iv	part_002	converted
0x92f2bc90	148	_glColor4s	part_002	converted
0x92f2bd24	124	_glColor4sv	part_002	converted
0x92f2bda0	148	_glColor4ub	part_002	converted
0x92f2be34	124	_glColor4ubv	part_002	converted
0x92f2beb0	148	_glColor4ui	part_002	converted
0x92f2bf44	124	_glColor4uiv	part_002	converted
0x92f2bfc0	148	_glColor4us	part_002	converted
0x92f2c054	124	_glColor4usv	part_002	converted
0x92f2c0d0	132	_glColorMaterial	part_002	converted
0x92f2c154	156	_glCopyPixels	part_002	converted
0x92f2c1f0	172	_glCopyTexImage1D	part_002	converted
0x92f2c29c	184	_glCopyTexImage2D	part_002	converted
0x92f2c354	164	_glCopyTexSubImage1D	part_002	converted
0x92f2c3f8	184	_glCopyTexSubImage2D	part_002	converted
0x92f2c4b0	144	_glDepthRange	part_002	converted
0x92f2c540	124	_glDisableClientState	part_002	converted
0x92f2c5bc	124	_glDrawBuffer	part_002	converted
0x92f2c638	148	_glDrawElements	part_002	converted
0x92f2c6cc	156	_glDrawPixels	part_002	converted
0x92f2c768	124	_glEdgeFlag	part_002	converted
0x92f2c7e4	132	_glEdgeFlagPointer	part_002	converted
0x92f2c868	124	_glEdgeFlagv	part_002	converted
0x92f2c8e4	128	_glEvalCoord1d	part_002	converted
0x92f2c964	124	_glEvalCoord1dv	part_002	converted
0x92f2c9e0	128	_glEvalCoord1f	part_002	converted
0x92f2ca60	124	_glEvalCoord1fv	part_002	converted
0x92f2cadc	144	_glEvalCoord2d	part_002	converted
0x92f2cb6c	124	_glEvalCoord2dv	part_002	converted
0x92f2cbe8	144	_glEvalCoord2f	part_002	converted
0x92f2cc78	124	_glEvalCoord2fv	part_002	converted
0x92f2ccf4	140	_glEvalMesh1	part_002	converted
0x92f2cd80	156	_glEvalMesh2	part_002	converted
0x92f2ce1c	124	_glEvalPoint1	part_002	converted
0x92f2ce98	132	_glEvalPoint2	part_002	converted
0x92f2cf1c	112	_glFinish	part_002	converted
0x92f2cf8c	132	_glFogiv	part_002	converted
0x92f2d010	132	_glGetClipPlane	part_002	converted
0x92f2d094	140	_glGetLightfv	part_002	converted
0x92f2d120	140	_glGetLightiv	part_002	converted
0x92f2d1ac	140	_glGetMapdv	part_002	converted
0x92f2d238	140	_glGetMapfv	part_002	converted
0x92f2d2c4	140	_glGetMapiv	part_002	converted
0x92f2d350	140	_glGetMaterialfv	part_002	converted
0x92f2d3dc	140	_glGetMaterialiv	part_002	converted
0x92f2d468	132	_glGetPixelMapfv	part_002	converted
0x92f2d4ec	132	_glGetPixelMapuiv	part_002	converted
0x92f2d570	132	_glGetPixelMapusv	part_002	converted
0x92f2d5f4	132	_glGetPointerv	part_002	converted
0x92f2d678	124	_glGetPolygonStipple	part_002	converted
0x92f2d6f4	140	_glGetTexEnvfv	part_002	converted
0x92f2d780	140	_glGetTexEnviv	part_002	converted
0x92f2d80c	140	_glGetTexGendv	part_002	converted
0x92f2d898	140	_glGetTexGenfv	part_003	converted
0x92f2d924	140	_glGetTexGeniv	part_003	converted
0x92f2d9b0	156	_glGetTexImage	part_003	converted
0x92f2da4c	148	_glGetTexLevelParameterfv	part_003	converted
0x92f2dae0	140	_glGetTexParameterfv	part_003	converted
0x92f2db6c	140	_glGetTexParameteriv	part_003	converted
0x92f2dbf8	124	_glIndexMask	part_003	converted
0x92f2dc74	140	_glIndexPointer	part_003	converted
0x92f2dd00	128	_glIndexd	part_003	converted
0x92f2dd80	124	_glIndexdv	part_003	converted
0x92f2ddfc	128	_glIndexf	part_003	converted
0x92f2de7c	124	_glIndexfv	part_003	converted
0x92f2def8	124	_glIndexi	part_003	converted
0x92f2df74	124	_glIndexiv	part_003	converted
0x92f2dff0	124	_glIndexs	part_003	converted
0x92f2e06c	124	_glIndexsv	part_003	converted
0x92f2e0e8	124	_glIndexub	part_003	converted
0x92f2e164	124	_glIndexubv	part_003	converted
0x92f2e1e0	112	_glInitNames	part_003	converted
0x92f2e250	140	_glInterleavedArrays	part_003	converted
0x92f2e2dc	128	_glIsEnabled	part_003	converted
0x92f2e35c	128	_glIsList	part_003	converted
0x92f2e3dc	128	_glIsTexture	part_003	converted
0x92f2e45c	140	_glLightModelf	part_003	converted
0x92f2e4e8	132	_glLightModelfv	part_003	converted
0x92f2e56c	132	_glLightModeliv	part_003	converted
0x92f2e5f0	148	_glLightf	part_003	converted
0x92f2e684	140	_glLighti	part_003	converted
0x92f2e710	140	_glLightiv	part_003	converted
0x92f2e79c	132	_glLineStipple	part_003	converted
0x92f2e820	124	_glListBase	part_003	converted
0x92f2e89c	124	_glLoadMatrixd	part_003	converted
0x92f2e918	124	_glLogicOp	part_003	converted
0x92f2e994	184	_glMap1d	part_003	converted
0x92f2ea4c	180	_glMap1f	part_003	converted
0x92f2eb00	192	_glMap2d	part_003	converted
0x92f2ebc0	192	_glMap2f	part_003	converted
0x92f2ec80	156	_glMapGrid1d	part_003	converted
0x92f2ed1c	156	_glMapGrid1f	part_003	converted
0x92f2edb8	160	_glMapGrid2d	part_003	converted
0x92f2ee58	180	_glMapGrid2f	part_003	converted
0x92f2ef0c	140	_glMateriali	part_003	converted
0x92f2ef98	140	_glMaterialiv	part_003	converted
0x92f2f024	124	_glMultMatrixd	part_003	converted
0x92f2f0a0	124	_glMultMatrixf	part_003	converted
0x92f2f11c	140	_glNormal3b	part_003	converted
0x92f2f1a8	124	_glNormal3bv	part_003	converted
0x92f2f224	160	_glNormal3d	part_003	converted
0x92f2f2c4	124	_glNormal3dv	part_003	converted
0x92f2f340	124	_glNormal3fv	part_003	converted
0x92f2f3bc	140	_glNormal3i	part_003	converted
0x92f2f448	124	_glNormal3iv	part_003	converted
0x92f2f4c4	140	_glNormal3s	part_003	converted
0x92f2f550	124	_glNormal3sv	part_003	converted
0x92f2f5cc	140	_glNormalPointer	part_003	converted
0x92f2f658	156	_glOrtho	part_003	converted
0x92f2f6f4	140	_glPixelMapfv	part_003	converted
0x92f2f780	140	_glPixelMapuiv	part_003	converted
0x92f2f80c	140	_glPixelMapusv	part_003	converted
0x92f2f898	140	_glPixelStoref	part_003	converted
0x92f2f924	140	_glPixelTransferf	part_004	converted
0x92f2f9b0	132	_glPixelTransferi	part_004	converted
0x92f2fa34	144	_glPixelZoom	part_004	converted
0x92f2fac4	128	_glPointSize	part_004	converted
0x92f2fb44	144	_glPolygonOffset	part_004	converted
0x92f2fbd4	124	_glPolygonStipple	part_004	converted
0x92f2fc50	112	_glPopClientAttrib	part_004	converted
0x92f2fcc0	112	_glPopName	part_004	converted
0x92f2fd30	124	_glPushClientAttrib	part_004	converted
0x92f2fdac	124	_glPushName	part_004	converted
0x92f2fe28	144	_glRasterPos2d	part_004	converted
0x92f2feb8	124	_glRasterPos2dv	part_004	converted
0x92f2ff34	144	_glRasterPos2f	part_004	converted
0x92f2ffc4	124	_glRasterPos2fv	part_004	converted
0x92f30040	132	_glRasterPos2i	part_004	converted
0x92f300c4	124	_glRasterPos2iv	part_004	converted
0x92f30140	132	_glRasterPos2s	part_004	converted
0x92f301c4	124	_glRasterPos2sv	part_004	converted
0x92f30240	160	_glRasterPos3d	part_004	converted
0x92f302e0	124	_glRasterPos3dv	part_004	converted
0x92f3035c	160	_glRasterPos3f	part_004	converted
0x92f303fc	124	_glRasterPos3fv	part_004	converted
0x92f30478	140	_glRasterPos3i	part_004	converted
0x92f30504	124	_glRasterPos3iv	part_004	converted
0x92f30580	140	_glRasterPos3s	part_004	converted
0x92f3060c	124	_glRasterPos3sv	part_004	converted
0x92f30688	140	_glRasterPos4d	part_004	converted
0x92f30714	124	_glRasterPos4dv	part_004	converted
0x92f30790	160	_glRasterPos4f	part_004	converted
0x92f30830	124	_glRasterPos4fv	part_004	converted
0x92f308ac	148	_glRasterPos4i	part_004	converted
0x92f30940	124	_glRasterPos4iv	part_004	converted
0x92f309bc	148	_glRasterPos4s	part_004	converted
0x92f30a50	124	_glRasterPos4sv	part_004	converted
0x92f30acc	132	_glRectdv	part_004	converted
0x92f30b50	160	_glRectf	part_004	converted
0x92f30bf0	132	_glRectfv	part_004	converted
0x92f30c74	148	_glRecti	part_004	converted
0x92f30d08	132	_glRectiv	part_004	converted
0x92f30d8c	148	_glRects	part_004	converted
0x92f30e20	132	_glRectsv	part_004	converted
0x92f30ea4	160	_glScaled	part_004	converted
0x92f30f44	132	_glSelectBuffer	part_004	converted
0x92f30fc8	124	_glStencilMask	part_004	converted
0x92f31044	128	_glTexCoord1d	part_004	converted
0x92f310c4	124	_glTexCoord1dv	part_004	converted
0x92f31140	128	_glTexCoord1f	part_004	converted
0x92f311c0	124	_glTexCoord1fv	part_004	converted
0x92f3123c	124	_glTexCoord1i	part_004	converted
0x92f312b8	124	_glTexCoord1iv	part_004	converted
0x92f31334	124	_glTexCoord1s	part_004	converted
0x92f313b0	124	_glTexCoord1sv	part_004	converted
0x92f3142c	144	_glTexCoord2d	part_004	converted
0x92f314bc	124	_glTexCoord2dv	part_004	converted
0x92f31538	124	_glTexCoord2fv	part_004	converted
0x92f315b4	132	_glTexCoord2i	part_004	converted
0x92f31638	124	_glTexCoord2iv	part_004	converted
0x92f316b4	132	_glTexCoord2s	part_004	converted
0x92f31738	124	_glTexCoord2sv	part_004	converted
0x92f317b4	160	_glTexCoord3d	part_004	converted
0x92f31854	124	_glTexCoord3dv	part_005	converted
0x92f318d0	124	_glTexCoord3fv	part_005	converted
0x92f3194c	140	_glTexCoord3i	part_005	converted
0x92f319d8	124	_glTexCoord3iv	part_005	converted
0x92f31a54	140	_glTexCoord3s	part_005	converted
0x92f31ae0	124	_glTexCoord3sv	part_005	converted
0x92f31b5c	140	_glTexCoord4d	part_005	converted
0x92f31be8	124	_glTexCoord4dv	part_005	converted
0x92f31c64	160	_glTexCoord4f	part_005	converted
0x92f31d04	124	_glTexCoord4fv	part_005	converted
0x92f31d80	148	_glTexCoord4i	part_005	converted
0x92f31e14	124	_glTexCoord4iv	part_005	converted
0x92f31e90	148	_glTexCoord4s	part_005	converted
0x92f31f24	124	_glTexCoord4sv	part_005	converted
0x92f31fa0	140	_glTexEnvfv	part_005	converted
0x92f3202c	140	_glTexEnviv	part_005	converted
0x92f320b8	148	_glTexGend	part_005	converted
0x92f3214c	140	_glTexGendv	part_005	converted
0x92f321d8	148	_glTexGenf	part_005	converted
0x92f3226c	140	_glTexGenfv	part_005	converted
0x92f322f8	140	_glTexGeni	part_005	converted
0x92f32384	140	_glTexGeniv	part_005	converted
0x92f32410	184	_glTexImage1D	part_005	converted
0x92f324c8	140	_glTexParameterfv	part_005	converted
0x92f32554	140	_glTexParameteriv	part_005	converted
0x92f325e0	172	_glTexSubImage1D	part_005	converted
0x92f3268c	144	_glVertex2d	part_005	converted
0x92f3271c	124	_glVertex2dv	part_005	converted
0x92f32798	124	_glVertex2fv	part_005	converted
0x92f32814	132	_glVertex2i	part_005	converted
0x92f32898	124	_glVertex2iv	part_005	converted
0x92f32914	132	_glVertex2s	part_005	converted
0x92f32998	124	_glVertex2sv	part_005	converted
0x92f32a14	124	_glVertex3dv	part_005	converted
0x92f32a90	124	_glVertex3fv	part_005	converted
0x92f32b0c	140	_glVertex3i	part_005	converted
0x92f32b98	124	_glVertex3iv	part_005	converted
0x92f32c14	140	_glVertex3s	part_005	converted
0x92f32ca0	124	_glVertex3sv	part_005	converted
0x92f32d1c	140	_glVertex4d	part_005	converted
0x92f32da8	124	_glVertex4dv	part_005	converted
0x92f32e24	160	_glVertex4f	part_005	converted
0x92f32ec4	124	_glVertex4fv	part_005	converted
0x92f32f40	148	_glVertex4i	part_005	converted
0x92f32fd4	124	_glVertex4iv	part_005	converted
0x92f33050	148	_glVertex4s	part_005	converted
0x92f330e4	124	_glVertex4sv	part_005	converted
0x92f33160	160	_glBlendColor	part_005	converted
0x92f33200	124	_glBlendEquation	part_005	converted
0x92f3327c	164	_glDrawRangeElements	part_005	converted
0x92f33320	200	_glTexImage3D	part_005	converted
0x92f333e8	208	_glTexSubImage3D	part_005	converted
0x92f334b8	192	_glCopyTexSubImage3D	part_005	converted
0x92f33578	164	_glColorTable	part_005	converted
0x92f3361c	140	_glColorTableParameterfv	part_005	converted
0x92f336a8	140	_glColorTableParameteriv	part_005	converted
0x92f33734	156	_glCopyColorTable	part_005	converted
0x92f337d0	148	_glGetColorTable	part_005	converted
0x92f33864	140	_glGetColorTableParameterfv	part_005	converted
0x92f338f0	140	_glGetColorTableParameteriv	part_005	converted
0x92f3397c	164	_glColorSubTable	part_006	converted
0x92f33a20	156	_glCopyColorSubTable	part_006	converted
0x92f33abc	164	_glConvolutionFilter1D	part_006	converted
0x92f33b60	172	_glConvolutionFilter2D	part_006	converted
0x92f33c0c	148	_glConvolutionParameterf	part_006	converted
0x92f33ca0	140	_glConvolutionParameterfv	part_006	converted
0x92f33d2c	140	_glConvolutionParameteri	part_006	converted
0x92f33db8	140	_glConvolutionParameteriv	part_006	converted
0x92f33e44	156	_glCopyConvolutionFilter1D	part_006	converted
0x92f33ee0	164	_glCopyConvolutionFilter2D	part_006	converted
0x92f33f84	148	_glGetConvolutionFilter	part_006	converted
0x92f34018	140	_glGetConvolutionParameterfv	part_006	converted
0x92f340a4	140	_glGetConvolutionParameteriv	part_006	converted
0x92f34130	164	_glGetSeparableFilter	part_006	converted
0x92f341d4	184	_glSeparableFilter2D	part_006	converted
0x92f3428c	156	_glGetHistogram	part_006	converted
0x92f34328	140	_glGetHistogramParameterfv	part_006	converted
0x92f343b4	140	_glGetHistogramParameteriv	part_006	converted
0x92f34440	156	_glGetMinmax	part_006	converted
0x92f344dc	140	_glGetMinmaxParameterfv	part_006	converted
0x92f34568	140	_glGetMinmaxParameteriv	part_006	converted
0x92f345f4	148	_glHistogram	part_006	converted
0x92f34688	140	_glMinmax	part_006	converted
0x92f34714	124	_glResetHistogram	part_006	converted
0x92f34790	124	_glResetMinmax	part_006	converted
0x92f3480c	124	_glClientActiveTexture	part_006	converted
0x92f34888	124	_glActiveTexture	part_006	converted
0x92f34904	140	_glMultiTexCoord1d	part_006	converted
0x92f34990	132	_glMultiTexCoord1dv	part_006	converted
0x92f34a14	140	_glMultiTexCoord1f	part_006	converted
0x92f34aa0	132	_glMultiTexCoord1fv	part_006	converted
0x92f34b24	132	_glMultiTexCoord1i	part_006	converted
0x92f34ba8	132	_glMultiTexCoord1iv	part_006	converted
0x92f34c2c	132	_glMultiTexCoord1s	part_006	converted
0x92f34cb0	132	_glMultiTexCoord1sv	part_006	converted
0x92f34d34	156	_glMultiTexCoord2d	part_006	converted
0x92f34dd0	132	_glMultiTexCoord2dv	part_006	converted
0x92f34e54	132	_glMultiTexCoord2fv	part_006	converted
0x92f34ed8	140	_glMultiTexCoord2i	part_006	converted
0x92f34f64	132	_glMultiTexCoord2iv	part_006	converted
0x92f34fe8	140	_glMultiTexCoord2s	part_006	converted
0x92f35074	132	_glMultiTexCoord2sv	part_006	converted
0x92f350f8	172	_glMultiTexCoord3d	part_006	converted
0x92f351a4	132	_glMultiTexCoord3dv	part_006	converted
0x92f35228	172	_glMultiTexCoord3f	part_006	converted
0x92f352d4	132	_glMultiTexCoord3fv	part_006	converted
0x92f35358	148	_glMultiTexCoord3i	part_006	converted
0x92f353ec	132	_glMultiTexCoord3iv	part_006	converted
0x92f35470	148	_glMultiTexCoord3s	part_006	converted
0x92f35504	132	_glMultiTexCoord3sv	part_006	converted
0x92f35588	152	_glMultiTexCoord4d	part_006	converted
0x92f35620	132	_glMultiTexCoord4dv	part_006	converted
0x92f356a4	172	_glMultiTexCoord4f	part_006	converted
0x92f35750	132	_glMultiTexCoord4fv	part_006	converted
0x92f357d4	156	_glMultiTexCoord4i	part_006	converted
0x92f35870	132	_glMultiTexCoord4iv	part_006	converted
0x92f358f4	156	_glMultiTexCoord4s	part_006	converted
0x92f35990	132	_glMultiTexCoord4sv	part_006	converted
0x92f35a14	124	_glLoadTransposeMatrixd	part_006	converted
0x92f35a90	124	_glLoadTransposeMatrixf	part_006	converted
0x92f35b0c	124	_glMultTransposeMatrixd	part_007	converted
0x92f35b88	124	_glMultTransposeMatrixf	part_007	converted
0x92f35c04	192	_glCompressedTexImage3D	part_007	converted
0x92f35cc4	184	_glCompressedTexImage2D	part_007	converted
0x92f35d7c	172	_glCompressedTexImage1D	part_007	converted
0x92f35e28	208	_glCompressedTexSubImage3D	part_007	converted
0x92f35ef8	192	_glCompressedTexSubImage2D	part_007	converted
0x92f35fb8	172	_glCompressedTexSubImage1D	part_007	converted
0x92f36064	140	_glGetCompressedTexImage	part_007	converted
0x92f360f0	136	_glSampleCoverage	part_007	converted
0x92f36178	124	_glSamplePass	part_007	converted
0x92f361f4	128	_glFogCoordf	part_007	converted
0x92f36274	124	_glFogCoordfv	part_007	converted
0x92f362f0	128	_glFogCoordd	part_007	converted
0x92f36370	124	_glFogCoorddv	part_007	converted
0x92f363ec	140	_glFogCoordPointer	part_007	converted
0x92f36478	140	_glSecondaryColor3b	part_007	converted
0x92f36504	124	_glSecondaryColor3bv	part_007	converted
0x92f36580	160	_glSecondaryColor3d	part_007	converted
0x92f36620	124	_glSecondaryColor3dv	part_007	converted
0x92f3669c	160	_glSecondaryColor3f	part_007	converted
0x92f3673c	124	_glSecondaryColor3fv	part_007	converted
0x92f367b8	140	_glSecondaryColor3i	part_007	converted
0x92f36844	124	_glSecondaryColor3iv	part_007	converted
0x92f368c0	140	_glSecondaryColor3s	part_007	converted
0x92f3694c	124	_glSecondaryColor3sv	part_007	converted
0x92f369c8	140	_glSecondaryColor3ub	part_007	converted
0x92f36a54	124	_glSecondaryColor3ubv	part_007	converted
0x92f36ad0	140	_glSecondaryColor3ui	part_007	converted
0x92f36b5c	124	_glSecondaryColor3uiv	part_007	converted
0x92f36bd8	140	_glSecondaryColor3us	part_007	converted
0x92f36c64	124	_glSecondaryColor3usv	part_007	converted
0x92f36ce0	148	_glSecondaryColorPointer	part_007	converted
0x92f36d74	140	_glPointParameterf	part_007	converted
0x92f36e00	132	_glPointParameterfv	part_007	converted
0x92f36e84	132	_glPointParameteri	part_007	converted
0x92f36f08	132	_glPointParameteriv	part_007	converted
0x92f36f8c	148	_glBlendFuncSeparate	part_007	converted
0x92f37020	148	_glMultiDrawArrays	part_007	converted
0x92f370b4	156	_glMultiDrawElements	part_007	converted
0x92f37150	144	_glWindowPos2d	part_007	converted
0x92f371e0	124	_glWindowPos2dv	part_007	converted
0x92f3725c	144	_glWindowPos2f	part_007	converted
0x92f372ec	124	_glWindowPos2fv	part_007	converted
0x92f37368	132	_glWindowPos2i	part_007	converted
0x92f373ec	124	_glWindowPos2iv	part_007	converted
0x92f37468	132	_glWindowPos2s	part_007	converted
0x92f374ec	124	_glWindowPos2sv	part_007	converted
0x92f37568	160	_glWindowPos3d	part_007	converted
0x92f37608	124	_glWindowPos3dv	part_007	converted
0x92f37684	160	_glWindowPos3f	part_007	converted
0x92f37724	124	_glWindowPos3fv	part_007	converted
0x92f377a0	140	_glWindowPos3i	part_007	converted
0x92f3782c	124	_glWindowPos3iv	part_007	converted
0x92f378a8	140	_glWindowPos3s	part_007	converted
0x92f37934	124	_glWindowPos3sv	part_007	converted
0x92f379b0	132	_glGenQueries	part_007	converted
0x92f37a34	132	_glDeleteQueries	part_007	converted
0x92f37ab8	128	_glIsQuery	part_007	converted
0x92f37b38	132	_glBeginQuery	part_007	converted
0x92f37bbc	124	_glEndQuery	part_008	converted
0x92f37c38	140	_glGetQueryiv	part_008	converted
0x92f37cc4	140	_glGetQueryObjectiv	part_008	converted
0x92f37d50	140	_glGetQueryObjectuiv	part_008	converted
0x92f37ddc	132	_glBindBuffer	part_008	converted
0x92f37e60	132	_glDeleteBuffers	part_008	converted
0x92f37ee4	132	_glGenBuffers	part_008	converted
0x92f37f68	128	_glIsBuffer	part_008	converted
0x92f37fe8	148	_glBufferData	part_008	converted
0x92f3807c	148	_glBufferSubData	part_008	converted
0x92f38110	148	_glGetBufferSubData	part_008	converted
0x92f381a4	132	_glMapBuffer	part_008	converted
0x92f38228	128	_glUnmapBuffer	part_008	converted
0x92f382a8	140	_glGetBufferParameteriv	part_008	converted
0x92f38334	140	_glGetBufferPointerv	part_008	converted
0x92f383c0	132	_glDrawBuffers	part_008	converted
0x92f38444	140	_glVertexAttrib1d	part_008	converted
0x92f384d0	132	_glVertexAttrib1dv	part_008	converted
0x92f38554	140	_glVertexAttrib1f	part_008	converted
0x92f385e0	132	_glVertexAttrib1fv	part_008	converted
0x92f38664	132	_glVertexAttrib1s	part_008	converted
0x92f386e8	132	_glVertexAttrib1sv	part_008	converted
0x92f3876c	156	_glVertexAttrib2d	part_008	converted
0x92f38808	132	_glVertexAttrib2dv	part_008	converted
0x92f3888c	156	_glVertexAttrib2f	part_008	converted
0x92f38928	132	_glVertexAttrib2fv	part_008	converted
0x92f389ac	140	_glVertexAttrib2s	part_008	converted
0x92f38a38	132	_glVertexAttrib2sv	part_008	converted
0x92f38abc	172	_glVertexAttrib3d	part_008	converted
0x92f38b68	132	_glVertexAttrib3dv	part_008	converted
0x92f38bec	172	_glVertexAttrib3f	part_008	converted
0x92f38c98	132	_glVertexAttrib3fv	part_008	converted
0x92f38d1c	148	_glVertexAttrib3s	part_008	converted
0x92f38db0	132	_glVertexAttrib3sv	part_008	converted
0x92f38e34	132	_glVertexAttrib4Nbv	part_008	converted
0x92f38eb8	132	_glVertexAttrib4Niv	part_008	converted
0x92f38f3c	132	_glVertexAttrib4Nsv	part_008	converted
0x92f38fc0	152	_glVertexAttrib4Nub	part_008	converted
0x92f39058	132	_glVertexAttrib4Nubv	part_008	converted
0x92f390dc	132	_glVertexAttrib4Nuiv	part_008	converted
0x92f39160	132	_glVertexAttrib4Nusv	part_008	converted
0x92f391e4	132	_glVertexAttrib4bv	part_008	converted
0x92f39268	152	_glVertexAttrib4d	part_008	converted
0x92f39300	132	_glVertexAttrib4dv	part_008	converted
0x92f39384	172	_glVertexAttrib4f	part_008	converted
0x92f39430	132	_glVertexAttrib4fv	part_008	converted
0x92f394b4	132	_glVertexAttrib4iv	part_008	converted
0x92f39538	156	_glVertexAttrib4s	part_008	converted
0x92f395d4	132	_glVertexAttrib4sv	part_008	converted
0x92f39658	132	_glVertexAttrib4ubv	part_008	converted
0x92f396dc	132	_glVertexAttrib4uiv	part_008	converted
0x92f39760	132	_glVertexAttrib4usv	part_008	converted
0x92f397e4	164	_glVertexAttribPointer	part_008	converted
0x92f39888	124	_glEnableVertexAttribArray	part_008	converted
0x92f39904	124	_glDisableVertexAttribArray	part_008	converted
0x92f39980	140	_glGetVertexAttribdv	part_008	converted
0x92f39a0c	140	_glGetVertexAttribfv	part_008	converted
0x92f39a98	140	_glGetVertexAttribiv	part_008	converted
0x92f39b24	140	_glGetVertexAttribPointerv	part_008	converted
0x92f39bb0	124	_glDeleteShader	part_008	converted
0x92f39c2c	132	_glDetachShader	part_009	converted
0x92f39cb0	124	_glCreateShader	part_009	converted
0x92f39d2c	148	_glShaderSource	part_009	converted
0x92f39dc0	124	_glCompileShader	part_009	converted
0x92f39e3c	112	_glCreateProgram	part_009	converted
0x92f39eac	132	_glAttachShader	part_009	converted
0x92f39f30	124	_glLinkProgram	part_009	converted
0x92f39fac	124	_glUseProgram	part_009	converted
0x92f3a028	124	_glDeleteProgram	part_009	converted
0x92f3a0a4	124	_glValidateProgram	part_009	converted
0x92f3a120	140	_glUniform1f	part_009	converted
0x92f3a1ac	156	_glUniform2f	part_009	converted
0x92f3a248	172	_glUniform3f	part_009	converted
0x92f3a2f4	172	_glUniform4f	part_009	converted
0x92f3a3a0	132	_glUniform1i	part_009	converted
0x92f3a424	140	_glUniform2i	part_009	converted
0x92f3a4b0	148	_glUniform3i	part_009	converted
0x92f3a544	156	_glUniform4i	part_009	converted
0x92f3a5e0	140	_glUniform1fv	part_009	converted
0x92f3a66c	140	_glUniform2fv	part_009	converted
0x92f3a6f8	140	_glUniform3fv	part_009	converted
0x92f3a784	140	_glUniform4fv	part_009	converted
0x92f3a810	140	_glUniform1iv	part_009	converted
0x92f3a89c	140	_glUniform2iv	part_009	converted
0x92f3a928	140	_glUniform3iv	part_009	converted
0x92f3a9b4	140	_glUniform4iv	part_009	converted
0x92f3aa40	148	_glUniformMatrix2fv	part_009	converted
0x92f3aad4	148	_glUniformMatrix3fv	part_009	converted
0x92f3ab68	148	_glUniformMatrix4fv	part_009	converted
0x92f3abfc	128	_glIsShader	part_009	converted
0x92f3ac7c	128	_glIsProgram	part_009	converted
0x92f3acfc	140	_glGetShaderiv	part_009	converted
0x92f3ad88	140	_glGetProgramiv	part_009	converted
0x92f3ae14	148	_glGetAttachedShaders	part_009	converted
0x92f3aea8	148	_glGetShaderInfoLog	part_009	converted
0x92f3af3c	148	_glGetProgramInfoLog	part_009	converted
0x92f3afd0	132	_glGetUniformLocation	part_009	converted
0x92f3b054	172	_glGetActiveUniform	part_009	converted
0x92f3b100	140	_glGetUniformfv	part_009	converted
0x92f3b18c	140	_glGetUniformiv	part_009	converted
0x92f3b218	148	_glGetShaderSource	part_009	converted
0x92f3b2ac	140	_glBindAttribLocation	part_009	converted
0x92f3b338	172	_glGetActiveAttrib	part_009	converted
0x92f3b3e4	132	_glGetAttribLocation	part_009	converted
0x92f3b468	148	_glStencilFuncSeparate	part_009	converted
0x92f3b4fc	148	_glStencilOpSeparate	part_009	converted
0x92f3b590	132	_glStencilMaskSeparate	part_009	converted
0x92f3b614	132	_glBlendEquationSeparate	part_009	converted
0x92f3b698	132	_glBindProgramARB	part_009	converted
0x92f3b71c	132	_glDeleteProgramsARB	part_009	converted
0x92f3b7a0	132	_glGenProgramsARB	part_009	converted
0x92f3b824	128	_glIsProgramARB	part_009	converted
0x92f3b8a4	132	_glVertexAttrib1sARB	part_009	converted
0x92f3b928	140	_glVertexAttrib1fARB	part_009	converted
0x92f3b9b4	140	_glVertexAttrib1dARB	part_009	converted
0x92f3ba40	140	_glVertexAttrib2sARB	part_009	converted
0x92f3bacc	156	_glVertexAttrib2fARB	part_009	converted
0x92f3bb68	156	_glVertexAttrib2dARB	part_009	converted
0x92f3bc04	148	_glVertexAttrib3sARB	part_009	converted
0x92f3bc98	172	_glVertexAttrib3fARB	part_009	converted
0x92f3bd44	172	_glVertexAttrib3dARB	part_010	converted
0x92f3bdf0	156	_glVertexAttrib4sARB	part_010	converted
0x92f3be8c	172	_glVertexAttrib4fARB	part_010	converted
0x92f3bf38	152	_glVertexAttrib4dARB	part_010	converted
0x92f3bfd0	156	_glVertexAttrib4NubARB	part_010	converted
0x92f3c06c	132	_glVertexAttrib1svARB	part_010	converted
0x92f3c0f0	132	_glVertexAttrib1fvARB	part_010	converted
0x92f3c174	132	_glVertexAttrib1dvARB	part_010	converted
0x92f3c1f8	132	_glVertexAttrib2svARB	part_010	converted
0x92f3c27c	132	_glVertexAttrib2fvARB	part_010	converted
0x92f3c300	132	_glVertexAttrib2dvARB	part_010	converted
0x92f3c384	132	_glVertexAttrib3svARB	part_010	converted
0x92f3c408	132	_glVertexAttrib3fvARB	part_010	converted
0x92f3c48c	132	_glVertexAttrib3dvARB	part_010	converted
0x92f3c510	132	_glVertexAttrib4bvARB	part_010	converted
0x92f3c594	132	_glVertexAttrib4svARB	part_010	converted
0x92f3c618	132	_glVertexAttrib4ivARB	part_010	converted
0x92f3c69c	132	_glVertexAttrib4ubvARB	part_010	converted
0x92f3c720	132	_glVertexAttrib4usvARB	part_010	converted
0x92f3c7a4	132	_glVertexAttrib4uivARB	part_010	converted
0x92f3c828	132	_glVertexAttrib4fvARB	part_010	converted
0x92f3c8ac	132	_glVertexAttrib4dvARB	part_010	converted
0x92f3c930	132	_glVertexAttrib4NbvARB	part_010	converted
0x92f3c9b4	132	_glVertexAttrib4NsvARB	part_010	converted
0x92f3ca38	132	_glVertexAttrib4NivARB	part_010	converted
0x92f3cabc	132	_glVertexAttrib4NubvARB	part_010	converted
0x92f3cb40	132	_glVertexAttrib4NusvARB	part_010	converted
0x92f3cbc4	132	_glVertexAttrib4NuivARB	part_010	converted
0x92f3cc48	164	_glVertexAttribPointerARB	part_010	converted
0x92f3ccec	124	_glEnableVertexAttribArrayARB	part_010	converted
0x92f3cd68	124	_glDisableVertexAttribArrayARB	part_010	converted
0x92f3cde4	140	_glGetVertexAttribdvARB	part_010	converted
0x92f3ce70	140	_glGetVertexAttribfvARB	part_010	converted
0x92f3cefc	140	_glGetVertexAttribivARB	part_010	converted
0x92f3cf88	140	_glGetVertexAttribPointervARB	part_010	converted
0x92f3d014	160	_glProgramEnvParameter4dARB	part_010	converted
0x92f3d0b4	140	_glProgramEnvParameter4dvARB	part_010	converted
0x92f3d140	180	_glProgramEnvParameter4fARB	part_010	converted
0x92f3d1f4	140	_glProgramEnvParameter4fvARB	part_010	converted
0x92f3d280	160	_glProgramLocalParameter4dARB	part_010	converted
0x92f3d320	140	_glProgramLocalParameter4dvARB	part_010	converted
0x92f3d3ac	180	_glProgramLocalParameter4fARB	part_010	converted
0x92f3d460	140	_glProgramLocalParameter4fvARB	part_010	converted
0x92f3d4ec	140	_glGetProgramEnvParameterdvARB	part_010	converted
0x92f3d578	140	_glGetProgramEnvParameterfvARB	part_010	converted
0x92f3d604	140	_glGetProgramLocalParameterdvARB	part_010	converted
0x92f3d690	140	_glGetProgramLocalParameterfvARB	part_010	converted
0x92f3d71c	148	_glProgramStringARB	part_010	converted
0x92f3d7b0	140	_glGetProgramStringARB	part_010	converted
0x92f3d83c	140	_glGetProgramivARB	part_010	converted
0x92f3d8c8	132	_glWeightbvARB	part_010	converted
0x92f3d94c	132	_glWeightsvARB	part_010	converted
0x92f3d9d0	132	_glWeightivARB	part_010	converted
0x92f3da54	132	_glWeightfvARB	part_010	converted
0x92f3dad8	132	_glWeightdvARB	part_010	converted
0x92f3db5c	132	_glWeightubvARB	part_010	converted
0x92f3dbe0	132	_glWeightusvARB	part_010	converted
0x92f3dc64	132	_glWeightuivARB	part_010	converted
0x92f3dce8	148	_glWeightPointerARB	part_010	converted
0x92f3dd7c	124	_glVertexBlendARB	part_010	converted
0x92f3ddf8	124	_glClientActiveTextureARB	part_011	converted
0x92f3de74	140	_glMultiTexCoord1dARB	part_011	converted
0x92f3df00	132	_glMultiTexCoord1dvARB	part_011	converted
0x92f3df84	140	_glMultiTexCoord1fARB	part_011	converted
0x92f3e010	132	_glMultiTexCoord1fvARB	part_011	converted
0x92f3e094	132	_glMultiTexCoord1iARB	part_011	converted
0x92f3e118	132	_glMultiTexCoord1ivARB	part_011	converted
0x92f3e19c	132	_glMultiTexCoord1sARB	part_011	converted
0x92f3e220	132	_glMultiTexCoord1svARB	part_011	converted
0x92f3e2a4	156	_glMultiTexCoord2dARB	part_011	converted
0x92f3e340	132	_glMultiTexCoord2dvARB	part_011	converted
0x92f3e3c4	156	_glMultiTexCoord2fARB	part_011	converted
0x92f3e460	132	_glMultiTexCoord2fvARB	part_011	converted
0x92f3e4e4	140	_glMultiTexCoord2iARB	part_011	converted
0x92f3e570	132	_glMultiTexCoord2ivARB	part_011	converted
0x92f3e5f4	140	_glMultiTexCoord2sARB	part_011	converted
0x92f3e680	132	_glMultiTexCoord2svARB	part_011	converted
0x92f3e704	172	_glMultiTexCoord3dARB	part_011	converted
0x92f3e7b0	132	_glMultiTexCoord3dvARB	part_011	converted
0x92f3e834	172	_glMultiTexCoord3fARB	part_011	converted
0x92f3e8e0	132	_glMultiTexCoord3fvARB	part_011	converted
0x92f3e964	148	_glMultiTexCoord3iARB	part_011	converted
0x92f3e9f8	132	_glMultiTexCoord3ivARB	part_011	converted
0x92f3ea7c	148	_glMultiTexCoord3sARB	part_011	converted
0x92f3eb10	132	_glMultiTexCoord3svARB	part_011	converted
0x92f3eb94	152	_glMultiTexCoord4dARB	part_011	converted
0x92f3ec2c	132	_glMultiTexCoord4dvARB	part_011	converted
0x92f3ecb0	172	_glMultiTexCoord4fARB	part_011	converted
0x92f3ed5c	132	_glMultiTexCoord4fvARB	part_011	converted
0x92f3ede0	156	_glMultiTexCoord4iARB	part_011	converted
0x92f3ee7c	132	_glMultiTexCoord4ivARB	part_011	converted
0x92f3ef00	156	_glMultiTexCoord4sARB	part_011	converted
0x92f3ef9c	132	_glMultiTexCoord4svARB	part_011	converted
0x92f3f020	124	_glLoadTransposeMatrixdARB	part_011	converted
0x92f3f09c	124	_glLoadTransposeMatrixfARB	part_011	converted
0x92f3f118	124	_glMultTransposeMatrixdARB	part_011	converted
0x92f3f194	124	_glMultTransposeMatrixfARB	part_011	converted
0x92f3f210	192	_glCompressedTexImage3DARB	part_011	converted
0x92f3f2d0	184	_glCompressedTexImage2DARB	part_011	converted
0x92f3f388	172	_glCompressedTexImage1DARB	part_011	converted
0x92f3f434	208	_glCompressedTexSubImage3DARB	part_011	converted
0x92f3f504	192	_glCompressedTexSubImage2DARB	part_011	converted
0x92f3f5c4	172	_glCompressedTexSubImage1DARB	part_011	converted
0x92f3f670	140	_glGetCompressedTexImageARB	part_011	converted
0x92f3f6fc	136	_glSampleCoverageARB	part_011	converted
0x92f3f784	124	_glSamplePassARB	part_011	converted
0x92f3f800	140	_glPointParameterfARB	part_011	converted
0x92f3f88c	132	_glPointParameterfvARB	part_011	converted
0x92f3f910	144	_glWindowPos2dARB	part_011	converted
0x92f3f9a0	124	_glWindowPos2dvARB	part_011	converted
0x92f3fa1c	144	_glWindowPos2fARB	part_011	converted
0x92f3faac	124	_glWindowPos2fvARB	part_011	converted
0x92f3fb28	132	_glWindowPos2iARB	part_011	converted
0x92f3fbac	124	_glWindowPos2ivARB	part_011	converted
0x92f3fc28	132	_glWindowPos2sARB	part_011	converted
0x92f3fcac	124	_glWindowPos2svARB	part_011	converted
0x92f3fd28	160	_glWindowPos3dARB	part_011	converted
0x92f3fdc8	124	_glWindowPos3dvARB	part_011	converted
0x92f3fe44	160	_glWindowPos3fARB	part_011	converted
0x92f3fee4	124	_glWindowPos3fvARB	part_011	converted
0x92f3ff60	140	_glWindowPos3iARB	part_012	converted
0x92f3ffec	124	_glWindowPos3ivARB	part_012	converted
0x92f40068	140	_glWindowPos3sARB	part_012	converted
0x92f400f4	124	_glWindowPos3svARB	part_012	converted
0x92f40170	132	_glGenQueriesARB	part_012	converted
0x92f401f4	132	_glDeleteQueriesARB	part_012	converted
0x92f40278	128	_glIsQueryARB	part_012	converted
0x92f402f8	132	_glBeginQueryARB	part_012	converted
0x92f4037c	124	_glEndQueryARB	part_012	converted
0x92f403f8	140	_glGetQueryivARB	part_012	converted
0x92f40484	140	_glGetQueryObjectivARB	part_012	converted
0x92f40510	140	_glGetQueryObjectuivARB	part_012	converted
0x92f4059c	132	_glBindBufferARB	part_012	converted
0x92f40620	132	_glDeleteBuffersARB	part_012	converted
0x92f406a4	132	_glGenBuffersARB	part_012	converted
0x92f40728	128	_glIsBufferARB	part_012	converted
0x92f407a8	148	_glBufferDataARB	part_012	converted
0x92f4083c	148	_glBufferSubDataARB	part_012	converted
0x92f408d0	148	_glGetBufferSubDataARB	part_012	converted
0x92f40964	132	_glMapBufferARB	part_012	converted
0x92f409e8	128	_glUnmapBufferARB	part_012	converted
0x92f40a68	140	_glGetBufferParameterivARB	part_012	converted
0x92f40af4	140	_glGetBufferPointervARB	part_012	converted
0x92f40b80	124	_glDeleteObjectARB	part_012	converted
0x92f40bfc	124	_glGetHandleARB	part_012	converted
0x92f40c78	132	_glDetachObjectARB	part_012	converted
0x92f40cfc	124	_glCreateShaderObjectARB	part_012	converted
0x92f40d78	148	_glShaderSourceARB	part_012	converted
0x92f40e0c	124	_glCompileShaderARB	part_012	converted
0x92f40e88	112	_glCreateProgramObjectARB	part_012	converted
0x92f40ef8	132	_glAttachObjectARB	part_012	converted
0x92f40f7c	124	_glLinkProgramARB	part_012	converted
0x92f40ff8	124	_glUseProgramObjectARB	part_012	converted
0x92f41074	124	_glValidateProgramARB	part_012	converted
0x92f410f0	140	_glUniform1fARB	part_012	converted
0x92f4117c	156	_glUniform2fARB	part_012	converted
0x92f41218	172	_glUniform3fARB	part_012	converted
0x92f412c4	172	_glUniform4fARB	part_012	converted
0x92f41370	132	_glUniform1iARB	part_012	converted
0x92f413f4	140	_glUniform2iARB	part_012	converted
0x92f41480	148	_glUniform3iARB	part_012	converted
0x92f41514	156	_glUniform4iARB	part_012	converted
0x92f415b0	140	_glUniform1fvARB	part_012	converted
0x92f4163c	140	_glUniform2fvARB	part_012	converted
0x92f416c8	140	_glUniform3fvARB	part_012	converted
0x92f41754	140	_glUniform4fvARB	part_012	converted
0x92f417e0	140	_glUniform1ivARB	part_012	converted
0x92f4186c	140	_glUniform2ivARB	part_012	converted
0x92f418f8	140	_glUniform3ivARB	part_012	converted
0x92f41984	140	_glUniform4ivARB	part_012	converted
0x92f41a10	148	_glUniformMatrix2fvARB	part_012	converted
0x92f41aa4	148	_glUniformMatrix3fvARB	part_012	converted
0x92f41b38	148	_glUniformMatrix4fvARB	part_012	converted
0x92f41bcc	140	_glGetObjectParameterfvARB	part_012	converted
0x92f41c58	140	_glGetObjectParameterivARB	part_012	converted
0x92f41ce4	148	_glGetInfoLogARB	part_012	converted
0x92f41d78	148	_glGetAttachedObjectsARB	part_012	converted
0x92f41e0c	132	_glGetUniformLocationARB	part_012	converted
0x92f41e90	172	_glGetActiveUniformARB	part_012	converted
0x92f41f3c	140	_glGetUniformfvARB	part_012	converted
0x92f41fc8	140	_glGetUniformivARB	part_013	converted
0x92f42054	148	_glGetShaderSourceARB	part_013	converted
0x92f420e8	140	_glBindAttribLocationARB	part_013	converted
0x92f42174	172	_glGetActiveAttribARB	part_013	converted
0x92f42220	132	_glGetAttribLocationARB	part_013	converted
0x92f422a4	132	_glDrawBuffersARB	part_013	converted
0x92f42328	132	_glLockArraysEXT	part_013	converted
0x92f423ac	112	_glUnlockArraysEXT	part_013	converted
0x92f4241c	124	_glActiveStencilFaceEXT	part_013	converted
0x92f42498	144	_glDepthBoundsEXT	part_013	converted
0x92f42528	164	_glColorTableEXT	part_013	converted
0x92f425cc	164	_glColorSubTableEXT	part_013	converted
0x92f42670	148	_glGetColorTableEXT	part_013	converted
0x92f42704	140	_glGetColorTableParameterfvEXT	part_013	converted
0x92f42790	140	_glGetColorTableParameterivEXT	part_013	converted
0x92f4281c	140	_glSecondaryColor3bEXT	part_013	converted
0x92f428a8	124	_glSecondaryColor3bvEXT	part_013	converted
0x92f42924	160	_glSecondaryColor3dEXT	part_013	converted
0x92f429c4	124	_glSecondaryColor3dvEXT	part_013	converted
0x92f42a40	160	_glSecondaryColor3fEXT	part_013	converted
0x92f42ae0	124	_glSecondaryColor3fvEXT	part_013	converted
0x92f42b5c	140	_glSecondaryColor3iEXT	part_013	converted
0x92f42be8	124	_glSecondaryColor3ivEXT	part_013	converted
0x92f42c64	140	_glSecondaryColor3sEXT	part_013	converted
0x92f42cf0	124	_glSecondaryColor3svEXT	part_013	converted
0x92f42d6c	140	_glSecondaryColor3ubEXT	part_013	converted
0x92f42df8	124	_glSecondaryColor3ubvEXT	part_013	converted
0x92f42e74	140	_glSecondaryColor3uiEXT	part_013	converted
0x92f42f00	124	_glSecondaryColor3uivEXT	part_013	converted
0x92f42f7c	140	_glSecondaryColor3usEXT	part_013	converted
0x92f43008	124	_glSecondaryColor3usvEXT	part_013	converted
0x92f43084	148	_glSecondaryColorPointerEXT	part_013	converted
0x92f43118	128	_glFogCoordfEXT	part_013	converted
0x92f43198	124	_glFogCoordfvEXT	part_013	converted
0x92f43214	128	_glFogCoorddEXT	part_013	converted
0x92f43294	124	_glFogCoorddvEXT	part_013	converted
0x92f43310	140	_glFogCoordPointerEXT	part_013	converted
0x92f4339c	164	_glDrawRangeElementsEXT	part_013	converted
0x92f43440	148	_glBlendFuncSeparateEXT	part_013	converted
0x92f434d4	148	_glMultiDrawArraysEXT	part_013	converted
0x92f43568	156	_glMultiDrawElementsEXT	part_013	converted
0x92f43604	160	_glBlendColorEXT	part_013	converted
0x92f436a4	124	_glBlendEquationEXT	part_013	converted
0x92f43720	132	_glBlendEquationSeparateEXT	part_013	converted
0x92f437a4	128	_glIsRenderbufferEXT	part_013	converted
0x92f43824	132	_glBindRenderbufferEXT	part_013	converted
0x92f438a8	132	_glDeleteRenderbuffersEXT	part_013	converted
0x92f4392c	132	_glGenRenderbuffersEXT	part_013	converted
0x92f439b0	148	_glRenderbufferStorageEXT	part_013	converted
0x92f43a44	140	_glGetRenderbufferParameterivEXT	part_013	converted
0x92f43ad0	128	_glIsFramebufferEXT	part_013	converted
0x92f43b50	132	_glBindFramebufferEXT	part_013	converted
0x92f43bd4	132	_glDeleteFramebuffersEXT	part_013	converted
0x92f43c58	132	_glGenFramebuffersEXT	part_013	converted
0x92f43cdc	124	_glCheckFramebufferStatusEXT	part_013	converted
0x92f43d58	156	_glFramebufferTexture1DEXT	part_013	converted
0x92f43df4	156	_glFramebufferTexture2DEXT	part_013	converted
0x92f43e90	164	_glFramebufferTexture3DEXT	part_013	converted
0x92f43f34	148	_glFramebufferRenderbufferEXT	part_013	converted
0x92f43fc8	148	_glGetFramebufferAttachmentParameterivEXT	part_013	converted
0x92f4405c	124	_glGenerateMipmapEXT	part_014	converted
0x92f440d8	132	_glEnableVertexAttribAPPLE	part_014	converted
0x92f4415c	132	_glDisableVertexAttribAPPLE	part_014	converted
0x92f441e0	136	_glIsVertexAttribEnabledAPPLE	part_014	converted
0x92f44268	192	_glMapVertexAttrib1dAPPLE	part_014	converted
0x92f44328	188	_glMapVertexAttrib1fAPPLE	part_014	converted
0x92f443e4	200	_glMapVertexAttrib2dAPPLE	part_014	converted
0x92f444ac	200	_glMapVertexAttrib2fAPPLE	part_014	converted
0x92f44574	140	_glGetTexParameterPointervAPPLE	part_014	converted
0x92f44600	132	_glGenFencesAPPLE	part_014	converted
0x92f44684	132	_glDeleteFencesAPPLE	part_014	converted
0x92f44708	124	_glSetFenceAPPLE	part_014	converted
0x92f44784	128	_glIsFenceAPPLE	part_014	converted
0x92f44804	128	_glTestFenceAPPLE	part_014	converted
0x92f44884	124	_glFinishFenceAPPLE	part_014	converted
0x92f44900	136	_glTestObjectAPPLE	part_014	converted
0x92f44988	132	_glFinishObjectAPPLE	part_014	converted
0x92f44a0c	132	_glVertexArrayRangeAPPLE	part_014	converted
0x92f44a90	132	_glFlushVertexArrayRangeAPPLE	part_014	converted
0x92f44b14	132	_glVertexArrayParameteriAPPLE	part_014	converted
0x92f44b98	124	_glBindVertexArrayAPPLE	part_014	converted
0x92f44c14	132	_glDeleteVertexArraysAPPLE	part_014	converted
0x92f44c98	132	_glGenVertexArraysAPPLE	part_014	converted
0x92f44d1c	128	_glIsVertexArrayAPPLE	part_014	converted
0x92f44d9c	132	_glElementPointerAPPLE	part_014	converted
0x92f44e20	140	_glDrawElementArrayAPPLE	part_014	converted
0x92f44eac	156	_glDrawRangeElementArrayAPPLE	part_014	converted
0x92f44f48	148	_glMultiDrawElementArrayAPPLE	part_014	converted
0x92f44fdc	164	_glMultiDrawRangeElementArrayAPPLE	part_014	converted
0x92f45080	112	_glFlushRenderAPPLE	part_014	converted
0x92f450f0	112	_glFinishRenderAPPLE	part_014	converted
0x92f45160	112	_glSwapAPPLE	part_014	converted
0x92f451d0	132	_glBlendEquationSeparateATI	part_014	converted
0x92f45254	148	_glStencilOpSeparateATI	part_014	converted
0x92f452e8	148	_glStencilFuncSeparateATI	part_014	converted
0x92f4537c	132	_glPNTrianglesiATI	part_014	converted
0x92f45400	140	_glPNTrianglesfATI	part_014	converted
0x92f4548c	132	_glPNTrianglesiATIX	part_014	converted
0x92f45510	140	_glPNTrianglesfATIX	part_014	converted
0x92f4559c	132	_glPointParameteriNV	part_014	converted
0x92f45620	132	_glPointParameterivNV	part_014	converted
0x92f456a4	132	_glCombinerParameterfvNV	part_014	converted
0x92f45728	140	_glCombinerParameterfNV	part_014	converted
0x92f457b4	132	_glCombinerParameterivNV	part_014	converted
0x92f45838	132	_glCombinerParameteriNV	part_014	converted
0x92f458bc	164	_glCombinerInputNV	part_014	converted
0x92f45960	200	_glCombinerOutputNV	part_014	converted
0x92f45a28	148	_glFinalCombinerInputNV	part_014	converted
0x92f45abc	156	_glGetCombinerInputParameterfvNV	part_014	converted
0x92f45b58	156	_glGetCombinerInputParameterivNV	part_014	converted
0x92f45bf4	148	_glGetCombinerOutputParameterfvNV	part_014	converted
0x92f45c88	148	_glGetCombinerOutputParameterivNV	part_014	converted
0x92f45d1c	140	_glGetFinalCombinerInputParameterfvNV	part_014	converted
0x92f45da8	140	_glGetFinalCombinerInputParameterivNV	part_014	converted
0x92f45e34	140	_glCombinerStageParameterfvNV	part_014	converted
0x92f45ec0	140	_glGetCombinerStageParameterfvNV	part_014	converted
