function	name	call_lo	call_hi	landing_pad	action
cd05c	FUN_000cd05c	cd0e0	cd0e4	-	no-handler
cd05c	FUN_000cd05c	cd0f0	cd0f4	cd10c	cleanup
cd05c	FUN_000cd05c	cd0f8	cd134	-	no-handler
d0304	FUN_000d0304	d0338	d033c	d0340	cleanup
d0304	FUN_000d0304	d0340	d0344	-	no-handler
d035c	FUN_000d035c	d0390	d0394	d0398	cleanup
d035c	FUN_000d035c	d0398	d039c	-	no-handler
d4e8c	FUN_000d4e8c	d4ec0	d4ec4	d4ec8	cleanup
d4e8c	FUN_000d4e8c	d4ec8	d4ecc	-	no-handler
da0c0	FUN_000da0c0	da0ec	da0f0	-	no-handler
da0c0	FUN_000da0c0	da164	da168	da180	cleanup
da0c0	FUN_000da0c0	da180	da374	-	no-handler
da4b8	FUN_000da4b8	da4e4	da4e8	-	no-handler
da4b8	FUN_000da4b8	da55c	da560	da578	cleanup
da4b8	FUN_000da4b8	da578	da76c	-	no-handler
e1920	FUN_000e1920	e19d8	e19dc	-	no-handler
e1920	FUN_000e1920	e1a00	e1a04	e1a08	cleanup
e1920	FUN_000e1920	e1a08	e1a34	-	no-handler
e1a48	FUN_000e1a48	e1b00	e1b04	-	no-handler
e1a48	FUN_000e1a48	e1b28	e1b2c	e1b30	cleanup
e1a48	FUN_000e1a48	e1b30	e1b5c	-	no-handler
e1b70	FUN_000e1b70	e1ba8	e1bd8	-	no-handler
e1b70	FUN_000e1b70	e1be4	e1be8	e1bf0	cleanup
e1b70	FUN_000e1b70	e1bfc	e1c00	-	no-handler
e1b70	FUN_000e1b70	e1c0c	e1c10	e1c20	cleanup
e1b70	FUN_000e1b70	e1c20	e1c2c	-	no-handler
e2094	FUN_000e2094	e211c	e2174	-	no-handler
e2094	FUN_000e2094	e2184	e2188	e21b8	cleanup
e2094	FUN_000e2094	e2198	e219c	-	no-handler
e2094	FUN_000e2094	e21b0	e21b4	e21cc	cleanup
e2094	FUN_000e2094	e21e8	e24fc	-	no-handler
e33cc	FUN_000e33cc	e3428	e342c	-	no-handler
e33cc	FUN_000e33cc	e3448	e344c	e34c8	cleanup
e33cc	FUN_000e33cc	e3464	e3468	-	no-handler
e33cc	FUN_000e33cc	e3484	e3488	e3524	cleanup
e33cc	FUN_000e33cc	e34a0	e34a4	-	no-handler
e33cc	FUN_000e33cc	e34c0	e34c4	e3524	cleanup
e33cc	FUN_000e33cc	e34ec	e3524	-	no-handler
e33cc	FUN_000e33cc	e3540	e3544	-	no-handler
e3544	FUN_000e3544	e35a0	e35a4	-	no-handler
e3544	FUN_000e3544	e35c0	e35c4	e3640	cleanup
e3544	FUN_000e3544	e35dc	e35e0	-	no-handler
e3544	FUN_000e3544	e35fc	e3600	e369c	cleanup
e3544	FUN_000e3544	e3618	e361c	-	no-handler
e3544	FUN_000e3544	e3638	e363c	e369c	cleanup
e3544	FUN_000e3544	e3664	e369c	-	no-handler
e3544	FUN_000e3544	e36b8	e36bc	-	no-handler
e36bc	FUN_000e36bc	e36ec	e36f0	-	no-handler
e36bc	FUN_000e36bc	e3708	e392c	e3948	cleanup
e36bc	FUN_000e36bc	e3930	e3934	-	no-handler
e36bc	FUN_000e36bc	e3958	e395c	-	no-handler
e3b88	FUN_000e3b88	e3c20	e429c	-	no-handler
e3b88	FUN_000e3b88	e42a8	e42ac	e42c0	cleanup
e3b88	FUN_000e3b88	e42c0	e43c4	-	no-handler
e5570	FUN_000e5570	e55c8	e55cc	-	no-handler
e5570	FUN_000e5570	e55f0	e55f4	e5638	cleanup
e5570	FUN_000e5570	e5614	e5618	-	no-handler
e5570	FUN_000e5570	e56b8	e57d8	-	no-handler
e5570	FUN_000e5570	e57f4	e57f8	e5874	cleanup
e5570	FUN_000e5570	e5810	e5814	-	no-handler
e5570	FUN_000e5570	e5830	e5834	e5970	cleanup
e5570	FUN_000e5570	e584c	e5850	-	no-handler
e5570	FUN_000e5570	e586c	e5870	e598c	cleanup
e5570	FUN_000e5570	e5898	e5920	-	no-handler
e5570	FUN_000e5570	e59a8	e59c8	-	no-handler
e59f0	FUN_000e59f0	e5a48	e5a4c	-	no-handler
e59f0	FUN_000e59f0	e5a70	e5a74	e5ab8	cleanup
e59f0	FUN_000e59f0	e5a94	e5a98	-	no-handler
e59f0	FUN_000e59f0	e5b38	e5c58	-	no-handler
e59f0	FUN_000e59f0	e5c74	e5c78	e5cf4	cleanup
e59f0	FUN_000e59f0	e5c90	e5c94	-	no-handler
e59f0	FUN_000e59f0	e5cb0	e5cb4	e5df0	cleanup
e59f0	FUN_000e59f0	e5ccc	e5cd0	-	no-handler
e59f0	FUN_000e59f0	e5cec	e5cf0	e5e0c	cleanup
e59f0	FUN_000e59f0	e5d18	e5da0	-	no-handler
e59f0	FUN_000e59f0	e5e28	e5e48	-	no-handler
e8938	FUN_000e8938	e895c	e8960	-	no-handler
e8938	FUN_000e8938	e8970	e8974	e89bc	cleanup
e8938	FUN_000e8938	e8984	e89a4	-	no-handler
e8938	FUN_000e8938	e89b4	e89b8	e89bc	cleanup
e8938	FUN_000e8938	e89d8	e89ec	-	no-handler
e8a08	FUN_000e8a08	e8a34	e8a38	-	no-handler
e8a08	FUN_000e8a08	e8a54	e8a58	e8ad4	cleanup
e8a08	FUN_000e8a08	e8a70	e8a74	-	no-handler
e8a08	FUN_000e8a08	e8a90	e8a94	e8b20	cleanup
e8a08	FUN_000e8a08	e8aac	e8ab0	-	no-handler
e8a08	FUN_000e8a08	e8acc	e8ad0	e8b6c	cleanup
e8a08	FUN_000e8a08	e8af0	e8af4	-	no-handler
e8a08	FUN_000e8a08	e8b18	e8b1c	e8b8c	cleanup
e8a08	FUN_000e8a08	e8b3c	e8b40	-	no-handler
e8a08	FUN_000e8a08	e8b64	e8b68	e8b8c	cleanup
e8a08	FUN_000e8a08	e8ba8	e8bac	-	no-handler
e9d68	FUN_000e9d68	e9db8	e9dbc	e9e78	cleanup
e9d68	FUN_000e9d68	e9e38	e9e4c	e9e64	cleanup
e9d68	FUN_000e9d68	e9e84	e9e88	-	no-handler
e9e88	FUN_000e9e88	e9eac	e9eb0	-	no-handler
e9e88	FUN_000e9e88	e9ec0	e9ec4	e9ec8	cleanup
e9e88	FUN_000e9e88	e9ee4	e9ee8	-	no-handler
e9f00	FUN_000e9f00	e9f50	e9f54	ea010	cleanup
e9f00	FUN_000e9f00	e9fd0	e9fe4	e9ffc	cleanup
e9f00	FUN_000e9f00	ea01c	ea020	-	no-handler
ea020	FUN_000ea020	ea06c	ea070	ea138	cleanup
ea020	FUN_000ea020	ea0d8	ea10c	ea124	cleanup
ea020	FUN_000ea020	ea144	ea148	-	no-handler
ea148	FUN_000ea148	ea194	ea198	ea260	cleanup
ea148	FUN_000ea148	ea200	ea234	ea24c	cleanup
ea148	FUN_000ea148	ea26c	ea270	-	no-handler
ea270	FUN_000ea270	ea2b4	ea370	ea374	cleanup
ea270	FUN_000ea270	ea38c	ea390	-	no-handler
ea3c0	FUN_000ea3c0	ea3e0	ea3e4	-	no-handler
ea3c0	FUN_000ea3c0	ea400	ea404	ea464	cleanup
ea3c0	FUN_000ea3c0	ea428	ea42c	ea448	cleanup
ea3c0	FUN_000ea3c0	ea474	ea478	-	no-handler
ea478	FUN_000ea478	ea498	ea49c	-	no-handler
ea478	FUN_000ea478	ea4b8	ea4bc	ea51c	cleanup
ea478	FUN_000ea478	ea4e0	ea4e4	ea500	cleanup
ea478	FUN_000ea478	ea52c	ea530	-	no-handler
ea530	FUN_000ea530	ea550	ea554	-	no-handler
ea530	FUN_000ea530	ea590	ea594	ea5d8	cleanup
ea530	FUN_000ea530	ea5a4	ea5a8	ea5bc	cleanup
ea530	FUN_000ea530	ea5b4	ea5b8	ea5d8	cleanup
ea530	FUN_000ea530	ea5e8	ea5ec	-	no-handler
ea600	FUN_000ea600	ea620	ea624	-	no-handler
ea600	FUN_000ea600	ea660	ea664	ea6a8	cleanup
ea600	FUN_000ea600	ea674	ea678	ea68c	cleanup
ea600	FUN_000ea600	ea684	ea688	ea6a8	cleanup
ea600	FUN_000ea600	ea6b8	ea6bc	-	no-handler
ea6d0	FUN_000ea6d0	ea700	ea704	-	no-handler
ea6d0	FUN_000ea6d0	ea750	ea754	ea814	cleanup
ea6d0	FUN_000ea6d0	ea764	ea768	ea77c	cleanup
ea6d0	FUN_000ea6d0	ea774	ea778	ea814	cleanup
ea6d0	FUN_000ea6d0	ea7a0	ea7b4	ea814	cleanup
ea6d0	FUN_000ea6d0	ea7c8	ea7cc	ea7f8	cleanup
ea6d0	FUN_000ea6d0	ea824	ea828	-	no-handler
ea828	FUN_000ea828	ea858	ea85c	-	no-handler
ea828	FUN_000ea828	ea898	ea89c	eaac0	cleanup
ea828	FUN_000ea828	ea8b0	ea8b4	ea8f4	cleanup
ea828	FUN_000ea828	ea8d8	ea8dc	eaac0	cleanup
ea828	FUN_000ea828	ea8ec	ea8f0	ea940	cleanup
ea828	FUN_000ea828	ea930	ea934	eaac0	cleanup
ea828	FUN_000ea828	ea968	ea96c	eaac0	cleanup
ea828	FUN_000ea828	ea980	ea984	ea998	cleanup
ea828	FUN_000ea828	ea990	ea994	eaac0	cleanup
ea828	FUN_000ea828	ea9d4	eaabc	eaac0	cleanup
ea828	FUN_000ea828	eaad0	eaad4	-	no-handler
ead08	FUN_000ead08	ead2c	ead30	-	no-handler
ead08	FUN_000ead08	ead40	ead44	ead48	cleanup
ead08	FUN_000ead08	ead64	ead68	-	no-handler
eae20	FUN_000eae20	eae44	eae48	-	no-handler
eae20	FUN_000eae20	eae58	eae5c	eae60	cleanup
eae20	FUN_000eae20	eae7c	eae80	-	no-handler
eaf6c	FUN_000eaf6c	eaf90	eaf94	-	no-handler
eaf6c	FUN_000eaf6c	eafa4	eafa8	eafac	cleanup
eaf6c	FUN_000eaf6c	eafc8	eafcc	-	no-handler
eb0ac	FUN_000eb0ac	eb0d0	eb0d4	-	no-handler
eb0ac	FUN_000eb0ac	eb0e4	eb0e8	eb0ec	cleanup
eb0ac	FUN_000eb0ac	eb108	eb10c	-	no-handler
eb1d0	FUN_000eb1d0	eb1f4	eb1f8	-	no-handler
eb1d0	FUN_000eb1d0	eb208	eb20c	eb210	cleanup
eb1d0	FUN_000eb1d0	eb22c	eb230	-	no-handler
eb300	FUN_000eb300	eb324	eb328	-	no-handler
eb300	FUN_000eb300	eb338	eb33c	eb340	cleanup
eb300	FUN_000eb300	eb35c	eb360	-	no-handler
eb3c8	FUN_000eb3c8	eb3f8	eb3fc	-	no-handler
eb3c8	FUN_000eb3c8	eb438	eb43c	eb660	cleanup
eb3c8	FUN_000eb3c8	eb450	eb454	eb494	cleanup
eb3c8	FUN_000eb3c8	eb478	eb47c	eb660	cleanup
eb3c8	FUN_000eb3c8	eb48c	eb490	eb4e0	cleanup
eb3c8	FUN_000eb3c8	eb4d0	eb4d4	eb660	cleanup
eb3c8	FUN_000eb3c8	eb508	eb50c	eb660	cleanup
eb3c8	FUN_000eb3c8	eb520	eb524	eb538	cleanup
eb3c8	FUN_000eb3c8	eb530	eb534	eb660	cleanup
eb3c8	FUN_000eb3c8	eb574	eb65c	eb660	cleanup
eb3c8	FUN_000eb3c8	eb670	eb674	-	no-handler
eb688	FUN_000eb688	eb6b8	eb6bc	-	no-handler
eb688	FUN_000eb688	eb708	eb70c	eb7cc	cleanup
eb688	FUN_000eb688	eb71c	eb720	eb734	cleanup
eb688	FUN_000eb688	eb72c	eb730	eb7cc	cleanup
eb688	FUN_000eb688	eb758	eb76c	eb7cc	cleanup
eb688	FUN_000eb688	eb780	eb784	eb7b0	cleanup
eb688	FUN_000eb688	eb7dc	eb7e0	-	no-handler
eb868	FUN_000eb868	eb88c	eb890	-	no-handler
eb868	FUN_000eb868	eb8a0	eb8a4	eb8a8	cleanup
eb868	FUN_000eb868	eb8c4	eb8c8	-	no-handler
eb968	FUN_000eb968	eb98c	eb990	-	no-handler
eb968	FUN_000eb968	eb9a0	eb9a4	eb9a8	cleanup
eb968	FUN_000eb968	eb9c4	eb9c8	-	no-handler
eb9e0	FUN_000eb9e0	eba0c	eba10	-	no-handler
eb9e0	FUN_000eb9e0	eba2c	eba44	ebaa4	cleanup
eb9e0	FUN_000eb9e0	eba58	eba5c	eba88	cleanup
eb9e0	FUN_000eb9e0	ebac4	ebac8	-	no-handler
ebac8	FUN_000ebac8	ebaf4	ebaf8	-	no-handler
ebac8	FUN_000ebac8	ebb14	ebb2c	ebb8c	cleanup
ebac8	FUN_000ebac8	ebb40	ebb44	ebb70	cleanup
ebac8	FUN_000ebac8	ebbac	ebbb0	-	no-handler
ebbb0	FUN_000ebbb0	ebbf4	ebcb0	ebcb4	cleanup
ebbb0	FUN_000ebbb0	ebccc	ebcd0	-	no-handler
ebd00	FUN_000ebd00	ebd44	ebe00	ebe24	cleanup
ebd00	FUN_000ebd00	ebe3c	ebe5c	-	no-handler
ebef8	FUN_000ebef8	ebf1c	ebf20	-	no-handler
ebef8	FUN_000ebef8	ebf30	ebf34	ebf38	cleanup
ebef8	FUN_000ebef8	ebf54	ebf58	-	no-handler
ebff8	FUN_000ebff8	ec01c	ec020	-	no-handler
ebff8	FUN_000ebff8	ec030	ec034	ec038	cleanup
ebff8	FUN_000ebff8	ec054	ec058	-	no-handler
ec4f0	FUN_000ec4f0	ec520	ec524	-	no-handler
ec4f0	FUN_000ec4f0	ec538	ec53c	ec56c	cleanup
ec4f0	FUN_000ec4f0	ec544	ec560	-	no-handler
ec4f0	FUN_000ec4f0	ec588	ec598	-	no-handler
eced0	FUN_000eced0	ecef4	ecef8	-	no-handler
eced0	FUN_000eced0	ecf0c	ecf10	ecf5c	cleanup
eced0	FUN_000eced0	ecf44	ecf48	-	no-handler
eced0	FUN_000eced0	ecf78	ecf7c	-	no-handler
ecfac	FUN_000ecfac	ecfe0	ed0e0	ed0e4	cleanup
ecfac	FUN_000ecfac	ed0f8	ed0fc	-	no-handler
ed124	FUN_000ed124	ed158	ed258	ed25c	cleanup
ed124	FUN_000ed124	ed270	ed274	-	no-handler
ed89c	FUN_000ed89c	ed910	edb50	-	no-handler
ed89c	FUN_000ed89c	edb64	edb68	edbf0	cleanup
ed89c	FUN_000ed89c	edb74	edbb8	-	no-handler
ed89c	FUN_000ed89c	edc0c	edcc8	-	no-handler
edd98	FUN_000edd98	ee038	ee03c	-	no-handler
edd98	FUN_000edd98	ee0e0	ee0e4	ee27c	cleanup
edd98	FUN_000edd98	ee0f4	ee0f8	ee114	cleanup
edd98	FUN_000edd98	ee10c	ee1b0	ee27c	cleanup
edd98	FUN_000edd98	ee1d0	ee1d4	ee214	cleanup
edd98	FUN_000edd98	ee1ec	ee1f0	ee27c	cleanup
edd98	FUN_000edd98	ee20c	ee210	ee244	cleanup
edd98	FUN_000edd98	ee298	ee29c	-	no-handler
ee29c	FUN_000ee29c	ee53c	ee540	-	no-handler
ee29c	FUN_000ee29c	ee5e4	ee5e8	ee780	cleanup
ee29c	FUN_000ee29c	ee5f8	ee5fc	ee618	cleanup
ee29c	FUN_000ee29c	ee610	ee6b4	ee780	cleanup
ee29c	FUN_000ee29c	ee6d4	ee6d8	ee718	cleanup
ee29c	FUN_000ee29c	ee6f0	ee6f4	ee780	cleanup
ee29c	FUN_000ee29c	ee710	ee714	ee748	cleanup
ee29c	FUN_000ee29c	ee79c	ee7a0	-	no-handler
ee7a0	FUN_000ee7a0	ee7e4	ee7e8	-	no-handler
ee7a0	FUN_000ee7a0	ee804	ee808	ee830	cleanup
ee7a0	FUN_000ee7a0	ee84c	ee94c	-	no-handler
eec50	FUN_000eec50	eecac	eed68	-	no-handler
eec50	FUN_000eec50	eed78	eed7c	eede8	cleanup
eec50	FUN_000eec50	eed88	eedd8	-	no-handler
eec50	FUN_000eec50	eee04	eee38	-	no-handler
eee4c	FUN_000eee4c	eeea4	eefc4	-	no-handler
eee4c	FUN_000eee4c	eefd8	eefdc	ef038	cleanup
eee4c	FUN_000eee4c	eeff0	ef02c	-	no-handler
eee4c	FUN_000eee4c	ef054	ef1b8	-	no-handler
ef498	FUN_000ef498	ef4e0	ef74c	-	no-handler
ef498	FUN_000ef498	ef75c	ef760	ef79c	cleanup
ef498	FUN_000ef498	ef76c	ef784	-	no-handler
ef498	FUN_000ef498	ef794	ef798	ef7f8	cleanup
ef498	FUN_000ef498	ef7ac	ef7e8	-	no-handler
ef498	FUN_000ef498	ef814	ef8f8	-	no-handler
efa4c	FUN_000efa4c	efa78	efa7c	-	no-handler
efa4c	FUN_000efa4c	efa98	efa9c	efaf0	cleanup
efa4c	FUN_000efa4c	efab0	efab4	-	no-handler
efa4c	FUN_000efa4c	efad0	efad4	efb0c	cleanup
efa4c	FUN_000efa4c	efb28	efdc4	-	no-handler
efde4	FUN_000efde4	efe1c	efe20	-	no-handler
efde4	FUN_000efde4	efe34	efe38	efe3c	cleanup
efde4	FUN_000efde4	efe50	efe54	-	no-handler
efde4	FUN_000efde4	efe68	efe6c	efea0	cleanup
efde4	FUN_000efde4	eff44	effe4	-	no-handler
efde4	FUN_000efde4	f0004	f0008	f001c	cleanup
efde4	FUN_000efde4	f0038	f013c	-	no-handler
f019c	FUN_000f019c	f023c	f0284	-	no-handler
f019c	FUN_000f019c	f02a4	f02a8	f02c0	cleanup
f019c	FUN_000f019c	f02b4	f02b8	-	no-handler
f019c	FUN_000f019c	f02dc	f04a0	-	no-handler
f07a8	FUN_000f07a8	f07e4	f0904	-	no-handler
f07a8	FUN_000f07a8	f0924	f0928	f0978	cleanup
f07a8	FUN_000f07a8	f093c	f0940	-	no-handler
f07a8	FUN_000f07a8	f095c	f0960	f09bc	cleanup
f07a8	FUN_000f07a8	f099c	f09a0	-	no-handler
f07a8	FUN_000f07a8	f09d8	f14d8	-	no-handler
f14f8	FUN_000f14f8	f152c	f1530	-	no-handler
f14f8	FUN_000f14f8	f1544	f1548	f157c	cleanup
f14f8	FUN_000f14f8	f156c	f1570	-	no-handler
f14f8	FUN_000f14f8	f1598	f1d50	-	no-handler
f1d7c	FUN_000f1d7c	f1dd8	f1ddc	-	no-handler
f1d7c	FUN_000f1d7c	f1df8	f1dfc	f29b8	cleanup
f1d7c	FUN_000f1d7c	f1e18	f1e1c	f2984	cleanup
f1d7c	FUN_000f1d7c	f1e38	f1e3c	f2960	cleanup
f1d7c	FUN_000f1d7c	f1e84	f2918	f293c	cleanup
f1d7c	FUN_000f1d7c	f2920	f2924	f2960	cleanup
f1d7c	FUN_000f1d7c	f2934	f2938	f293c	cleanup
f1d7c	FUN_000f1d7c	f2958	f295c	f2984	cleanup
f1d7c	FUN_000f1d7c	f297c	f2980	f29b8	cleanup
f1d7c	FUN_000f1d7c	f29a0	f29a4	-	no-handler
f1d7c	FUN_000f1d7c	f29cc	f29d0	-	no-handler
f4fdc	FUN_000f4fdc	f50ec	f510c	-	no-handler
f4fdc	FUN_000f4fdc	f511c	f5120	f513c	cleanup
f4fdc	FUN_000f4fdc	f5158	f5230	-	no-handler
f6a04	FUN_000f6a04	f6a48	f6be8	-	no-handler
f6a04	FUN_000f6a04	f6bf8	f6bfc	f6c50	cleanup
f6a04	FUN_000f6a04	f6c28	f6c2c	-	no-handler
f6a04	FUN_000f6a04	f6c6c	f6cac	-	no-handler
f816c	FUN_000f816c	f81a8	f81ac	-	no-handler
f816c	FUN_000f816c	f81d0	f81d4	f8258	cleanup
f816c	FUN_000f816c	f8210	f824c	-	no-handler
f816c	FUN_000f816c	f8274	f83b8	-	no-handler
f83cc	FUN_000f83cc	f83f4	f83f8	-	no-handler
f83cc	FUN_000f83cc	f841c	f8420	f8430	cleanup
f83cc	FUN_000f83cc	f844c	f8574	-	no-handler
f88b4	FUN_000f88b4	f88d8	f88dc	-	no-handler
f88b4	FUN_000f88b4	f88f0	f88f4	f8908	cleanup
f88b4	FUN_000f88b4	f88f8	f88fc	-	no-handler
f88b4	FUN_000f88b4	f8924	f894c	-	no-handler
f94dc	FUN_000f94dc	f9578	f95a0	-	no-handler
f94dc	FUN_000f94dc	f95b4	f95b8	f95e4	cleanup
f94dc	FUN_000f94dc	f95c0	f95c4	-	no-handler
f94dc	FUN_000f94dc	f9634	f9764	-	no-handler
f94dc	FUN_000f94dc	f9778	f977c	f97a8	cleanup
f94dc	FUN_000f94dc	f9784	f9788	-	no-handler
f94dc	FUN_000f94dc	f97d8	f9818	-	no-handler
f94dc	FUN_000f94dc	f982c	f9830	f9870	cleanup
f94dc	FUN_000f94dc	f9838	f9864	-	no-handler
f94dc	FUN_000f94dc	f9898	f98f0	-	no-handler
f94dc	FUN_000f94dc	f9904	f9908	f990c	cleanup
f94dc	FUN_000f94dc	f9928	f9a44	-	no-handler
f9a58	FUN_000f9a58	f9adc	fa10c	-	no-handler
f9a58	FUN_000f9a58	fa120	fa124	fa144	cleanup
f9a58	FUN_000f9a58	fa190	fa204	-	no-handler
f9a58	FUN_000f9a58	fa218	fa21c	fa27c	cleanup
f9a58	FUN_000f9a58	fa228	fa260	-	no-handler
f9a58	FUN_000f9a58	fa2b8	fa3f0	-	no-handler
f9a58	FUN_000f9a58	fa400	fa404	fa45c	cleanup
f9a58	FUN_000f9a58	fa42c	fa474	-	no-handler
f9a58	FUN_000f9a58	fa488	fa48c	fa544	cleanup
f9a58	FUN_000f9a58	fa494	fa538	-	no-handler
f9a58	FUN_000f9a58	fa560	fa928	-	no-handler
fadc4	FUN_000fadc4	fae08	fae0c	-	no-handler
fadc4	FUN_000fadc4	fae28	fae2c	faeb4	cleanup
fadc4	FUN_000fadc4	fae34	fae88	-	no-handler
fadc4	FUN_000fadc4	faed0	faf50	-	no-handler
fb3d4	FUN_000fb3d4	fb4b4	fb518	-	no-handler
fb3d4	FUN_000fb3d4	fb52c	fb530	fb584	cleanup
fb3d4	FUN_000fb3d4	fb540	fb624	-	no-handler
fb3d4	FUN_000fb3d4	fb638	fb63c	fb690	cleanup
fb3d4	FUN_000fb3d4	fb64c	fb6d0	-	no-handler
fb3d4	FUN_000fb3d4	fb6e4	fb6e8	fb77c	cleanup
fb3d4	FUN_000fb3d4	fb6f8	fb8f8	-	no-handler
fb3d4	FUN_000fb3d4	fb90c	fb910	fb974	cleanup
fb3d4	FUN_000fb3d4	fb918	fbab4	-	no-handler
fb3d4	FUN_000fb3d4	fbac8	fbacc	fbb88	cleanup
fb3d4	FUN_000fb3d4	fbad4	fbb7c	-	no-handler
fb3d4	FUN_000fb3d4	fbbbc	fbdc0	-	no-handler
fb3d4	FUN_000fb3d4	fbde0	fbde4	fbe00	cleanup
fb3d4	FUN_000fb3d4	fbe1c	fd468	-	no-handler
fd5c8	FUN_000fd5c8	fd640	fd6b8	-	no-handler
fd5c8	FUN_000fd5c8	fd6d4	fd6d8	fd760	cleanup
fd5c8	FUN_000fd5c8	fd6f0	fd6f4	-	no-handler
fd5c8	FUN_000fd5c8	fd718	fd71c	fd7c4	cleanup
fd5c8	FUN_000fd5c8	fd734	fd738	-	no-handler
fd5c8	FUN_000fd5c8	fd758	fd75c	fd820	cleanup
fd5c8	FUN_000fd5c8	fd794	fd798	-	no-handler
fd5c8	FUN_000fd5c8	fd7bc	fd7c0	fd8ac	cleanup
fd5c8	FUN_000fd5c8	fd7f0	fd7f4	-	no-handler
fd5c8	FUN_000fd5c8	fd818	fd81c	fd8fc	cleanup
fd5c8	FUN_000fd5c8	fd890	fd894	-	no-handler
fd5c8	FUN_000fd5c8	fd8a4	fd8a8	fd918	cleanup
fd5c8	FUN_000fd5c8	fd8c0	fd8f0	-	no-handler
fd5c8	FUN_000fd5c8	fd8f4	fd8f8	103cec	cleanup
fd5c8	FUN_000fd5c8	fd930	fde94	103cec	cleanup
fd5c8	FUN_000fd5c8	fdea8	fdeac	fdebc	cleanup
fd5c8	FUN_000fd5c8	fdee8	fdf5c	103cec	cleanup
fd5c8	FUN_000fd5c8	fdf6c	fdf70	fdfa4	cleanup
fd5c8	FUN_000fd5c8	fdf9c	fe87c	103cec	cleanup
fd5c8	FUN_000fd5c8	fe89c	fe8a0	fe8b0	cleanup
fd5c8	FUN_000fd5c8	fe8cc	fe8d0	103cec	cleanup
fd5c8	FUN_000fd5c8	fe8f0	fe8f4	fe910	cleanup
fd5c8	FUN_000fd5c8	fe978	fe9c8	103cec	cleanup
fd5c8	FUN_000fd5c8	fe9dc	fe9e0	fe9f0	cleanup
fd5c8	FUN_000fd5c8	fe9e8	feaf8	103cec	cleanup
fd5c8	FUN_000fd5c8	feb0c	feb10	feb38	cleanup
fd5c8	FUN_000fd5c8	feb30	feb4c	103cec	cleanup
fd5c8	FUN_000fd5c8	feb60	feb64	feb78	cleanup
fd5c8	FUN_000fd5c8	feb70	feb74	103cec	cleanup
fd5c8	FUN_000fd5c8	febdc	ff5bc	103cec	cleanup
fd5c8	FUN_000fd5c8	ff658	ff788	ff7a0	cleanup
fd5c8	FUN_000fd5c8	ff81c	ff834	103cec	cleanup
fd5c8	FUN_000fd5c8	ff848	ff84c	ff864	cleanup
fd5c8	FUN_000fd5c8	ff85c	ffca8	103cec	cleanup
fd5c8	FUN_000fd5c8	ffcbc	ffcc0	ffcf8	cleanup
fd5c8	FUN_000fd5c8	ffce4	ffcf4	103cec	cleanup
fd5c8	FUN_000fd5c8	ffd2c	ffd30	103cec	cleanup
fd5c8	FUN_000fd5c8	ffd40	ffd44	ffd5c	cleanup
fd5c8	FUN_000fd5c8	ffd54	1003c4	103cec	cleanup
fd5c8	FUN_000fd5c8	1003e8	1003ec	10042c	cleanup
fd5c8	FUN_000fd5c8	100400	100404	103cec	cleanup
fd5c8	FUN_000fd5c8	100424	100428	1004a8	cleanup
fd5c8	FUN_000fd5c8	1004dc	10271c	103cec	cleanup
fd5c8	FUN_000fd5c8	102738	10273c	102754	cleanup
fd5c8	FUN_000fd5c8	102768	1027f4	103cec	cleanup
fd5c8	FUN_000fd5c8	102804	102808	102828	cleanup
fd5c8	FUN_000fd5c8	102820	102a54	103cec	cleanup
fd5c8	FUN_000fd5c8	102a64	102a68	102a78	cleanup
fd5c8	FUN_000fd5c8	102a70	102a74	103cec	cleanup
fd5c8	FUN_000fd5c8	102aa0	102ad8	103cec	cleanup
fd5c8	FUN_000fd5c8	102ae8	102aec	102b04	cleanup
fd5c8	FUN_000fd5c8	102afc	102c3c	103cec	cleanup
fd5c8	FUN_000fd5c8	102c50	102c54	102c5c	cleanup
fd5c8	FUN_000fd5c8	102c70	102c74	103cec	cleanup
fd5c8	FUN_000fd5c8	102c88	102c8c	102cb8	cleanup
fd5c8	FUN_000fd5c8	102cb0	102d80	103cec	cleanup
fd5c8	FUN_000fd5c8	102d9c	102da0	102da4	cleanup
fd5c8	FUN_000fd5c8	102e18	102e34	103cec	cleanup
fd5c8	FUN_000fd5c8	102e50	102e54	102e6c	cleanup
fd5c8	FUN_000fd5c8	102e94	102f28	103cec	cleanup
fd5c8	FUN_000fd5c8	102f44	102f48	102f4c	cleanup
fd5c8	FUN_000fd5c8	102f94	102fe4	103cec	cleanup
fd5c8	FUN_000fd5c8	102ffc	103000	103014	cleanup
fd5c8	FUN_000fd5c8	10300c	103010	103cec	cleanup
fd5c8	FUN_000fd5c8	103038	103144	103cec	cleanup
fd5c8	FUN_000fd5c8	103160	103164	103174	cleanup
fd5c8	FUN_000fd5c8	10316c	103170	103cec	cleanup
fd5c8	FUN_000fd5c8	103198	1032b4	103cec	cleanup
fd5c8	FUN_000fd5c8	1032c4	1032c8	1032ec	cleanup
fd5c8	FUN_000fd5c8	1032e4	1033e4	103cec	cleanup
fd5c8	FUN_000fd5c8	1033f4	1033f8	103414	cleanup
fd5c8	FUN_000fd5c8	10340c	103410	103cec	cleanup
fd5c8	FUN_000fd5c8	10343c	1034a4	103cec	cleanup
fd5c8	FUN_000fd5c8	1034b4	1034b8	1034d8	cleanup
fd5c8	FUN_000fd5c8	1034d0	10355c	103cec	cleanup
fd5c8	FUN_000fd5c8	1035fc	103600	10361c	cleanup
fd5c8	FUN_000fd5c8	103614	103618	103cec	cleanup
fd5c8	FUN_000fd5c8	103640	103764	103cec	cleanup
fd5c8	FUN_000fd5c8	10377c	103780	10379c	cleanup
fd5c8	FUN_000fd5c8	103794	103798	103cec	cleanup
fd5c8	FUN_000fd5c8	1037c0	103ce8	103cec	cleanup
fd5c8	FUN_000fd5c8	103cf4	103cf8	-	no-handler
10502c	FUN_0010502c	1050d4	105134	105180	cleanup
10502c	FUN_0010502c	105154	105158	105164	cleanup
10502c	FUN_0010502c	105198	10519c	-	no-handler
1051b0	FUN_001051b0	105258	1052b8	105304	cleanup
1051b0	FUN_001051b0	1052d8	1052dc	1052e8	cleanup
1051b0	FUN_001051b0	10531c	105320	-	no-handler
105334	FUN_00105334	105384	105388	-	no-handler
105334	FUN_00105334	1053a8	1053ac	1053cc	cleanup
105334	FUN_00105334	1053e8	1054d0	-	no-handler
1062c0	FUN_001062c0	106314	106318	-	no-handler
1062c0	FUN_001062c0	106338	10633c	10635c	cleanup
1062c0	FUN_001062c0	106378	106460	-	no-handler
107350	FUN_00107350	10737c	107380	-	no-handler
107350	FUN_00107350	10739c	1073a0	1073a4	cleanup
107350	FUN_00107350	1073c0	1073c4	-	no-handler
107464	FUN_00107464	107488	10748c	-	no-handler
107464	FUN_00107464	1074a0	1074a4	1074a8	cleanup
107464	FUN_00107464	1074c4	1074c8	-	no-handler
1074e0	FUN_001074e0	107508	10750c	-	no-handler
1074e0	FUN_001074e0	107540	107544	1075c8	cleanup
1074e0	FUN_001074e0	1075e8	1075ec	-	no-handler
10764c	FUN_0010764c	107674	107678	-	no-handler
10764c	FUN_0010764c	1076ac	1076b0	107734	cleanup
10764c	FUN_0010764c	107754	107758	-	no-handler
10776c	FUN_0010776c	107790	107794	-	no-handler
10776c	FUN_0010776c	1077a8	1077ac	1077b0	cleanup
10776c	FUN_0010776c	1077cc	1077d0	-	no-handler
1077e8	FUN_001077e8	10780c	107810	-	no-handler
1077e8	FUN_001077e8	107824	107828	10782c	cleanup
1077e8	FUN_001077e8	107848	10784c	-	no-handler
1078b0	FUN_001078b0	1078d4	1078d8	-	no-handler
1078b0	FUN_001078b0	1078ec	1078f0	1078f4	cleanup
1078b0	FUN_001078b0	107910	107914	-	no-handler
107ad0	FUN_00107ad0	107af4	107af8	-	no-handler
107ad0	FUN_00107ad0	107b0c	107b10	107b14	cleanup
107ad0	FUN_00107ad0	107b30	107b34	-	no-handler
107bf4	FUN_00107bf4	107c18	107c1c	-	no-handler
107bf4	FUN_00107bf4	107c30	107c34	107c38	cleanup
107bf4	FUN_00107bf4	107c54	107c58	-	no-handler
107c70	FUN_00107c70	107c94	107c98	-	no-handler
107c70	FUN_00107c70	107cac	107cb0	107cb4	cleanup
107c70	FUN_00107c70	107cd0	107cd4	-	no-handler
107df4	FUN_00107df4	107e18	107e1c	-	no-handler
107df4	FUN_00107df4	107e30	107e34	107e38	cleanup
107df4	FUN_00107df4	107e54	107e58	-	no-handler
107e70	FUN_00107e70	107e94	107e98	-	no-handler
107e70	FUN_00107e70	107eac	107eb0	107eb4	cleanup
107e70	FUN_00107e70	107ed0	107ed4	-	no-handler
107f38	FUN_00107f38	107f58	107f5c	-	no-handler
107f38	FUN_00107f38	107f90	107f94	107f98	cleanup
107f38	FUN_00107f38	107fb8	107fbc	-	no-handler
107fd0	FUN_00107fd0	107ff4	107ff8	-	no-handler
107fd0	FUN_00107fd0	108024	108028	10802c	cleanup
107fd0	FUN_00107fd0	10804c	108050	-	no-handler
108064	FUN_00108064	108088	10808c	-	no-handler
108064	FUN_00108064	1080a0	1080a4	1080a8	cleanup
108064	FUN_00108064	1080c4	1080c8	-	no-handler
1080e0	FUN_001080e0	108104	108108	-	no-handler
1080e0	FUN_001080e0	108134	108138	10813c	cleanup
1080e0	FUN_001080e0	10815c	108160	-	no-handler
1081c0	FUN_001081c0	1081e4	1081e8	-	no-handler
1081c0	FUN_001081c0	1081fc	108200	108204	cleanup
1081c0	FUN_001081c0	108220	108224	-	no-handler
10823c	FUN_0010823c	108260	108264	-	no-handler
10823c	FUN_0010823c	108278	10827c	108280	cleanup
10823c	FUN_0010823c	10829c	1082a0	-	no-handler
108350	FUN_00108350	108374	108378	-	no-handler
108350	FUN_00108350	10838c	108390	108394	cleanup
108350	FUN_00108350	1083b0	1083b4	-	no-handler
1083cc	FUN_001083cc	1083f0	1083f4	-	no-handler
1083cc	FUN_001083cc	108408	10840c	108410	cleanup
1083cc	FUN_001083cc	10842c	108430	-	no-handler
1084b8	FUN_001084b8	1084dc	1084e0	-	no-handler
1084b8	FUN_001084b8	1084f4	1084f8	1084fc	cleanup
1084b8	FUN_001084b8	108518	10851c	-	no-handler
108534	FUN_00108534	108558	10855c	-	no-handler
108534	FUN_00108534	108570	108574	108578	cleanup
108534	FUN_00108534	108594	108598	-	no-handler
1085b0	FUN_001085b0	1085d8	1085dc	-	no-handler
1085b0	FUN_001085b0	10860c	108630	1086c4	cleanup
1085b0	FUN_001085b0	1086e4	1086e8	-	no-handler
1086e8	FUN_001086e8	10870c	108710	-	no-handler
1086e8	FUN_001086e8	108730	108734	10874c	cleanup
1086e8	FUN_001086e8	10876c	108770	-	no-handler
108770	FUN_00108770	10878c	108790	-	no-handler
108770	FUN_00108770	1087b0	1087b4	1087cc	cleanup
108770	FUN_00108770	1087ec	1087f0	-	no-handler
1087f0	FUN_001087f0	10880c	108810	-	no-handler
1087f0	FUN_001087f0	108830	108834	10884c	cleanup
1087f0	FUN_001087f0	10886c	108870	-	no-handler
108918	FUN_00108918	108940	108944	-	no-handler
108918	FUN_00108918	108974	108998	108a2c	cleanup
108918	FUN_00108918	108a4c	108a50	-	no-handler
108a50	FUN_00108a50	108a74	108a78	-	no-handler
108a50	FUN_00108a50	108a98	108a9c	108ab4	cleanup
108a50	FUN_00108a50	108ad4	108ad8	-	no-handler
108ad8	FUN_00108ad8	108afc	108b00	-	no-handler
108ad8	FUN_00108ad8	108b14	108b18	108b1c	cleanup
108ad8	FUN_00108ad8	108b38	108b3c	-	no-handler
108b54	FUN_00108b54	108b74	108b78	-	no-handler
108b54	FUN_00108b54	108bac	108bb0	108bb4	cleanup
108b54	FUN_00108b54	108bd4	108bd8	-	no-handler
108bec	FUN_00108bec	108c10	108c14	-	no-handler
108bec	FUN_00108bec	108c28	108c2c	108c30	cleanup
108bec	FUN_00108bec	108c4c	108c50	-	no-handler
108ee0	FUN_00108ee0	108f04	108f08	-	no-handler
108ee0	FUN_00108ee0	108f1c	108f20	108f24	cleanup
108ee0	FUN_00108ee0	108f40	108f44	-	no-handler
109480	FUN_00109480	1094a4	1094a8	-	no-handler
109480	FUN_00109480	1094bc	1094c0	1094c4	cleanup
109480	FUN_00109480	1094e0	1094e4	-	no-handler
109614	FUN_00109614	10963c	109640	-	no-handler
109614	FUN_00109614	10967c	109680	109684	cleanup
109614	FUN_00109614	1096a4	1096a8	-	no-handler
1096bc	FUN_001096bc	1096e4	1096e8	-	no-handler
1096bc	FUN_001096bc	109724	109728	10972c	cleanup
1096bc	FUN_001096bc	10974c	109750	-	no-handler
109764	FUN_00109764	109784	109788	-	no-handler
109764	FUN_00109764	1097bc	1097c0	1097d8	cleanup
109764	FUN_00109764	1097f8	1097fc	-	no-handler
109810	FUN_00109810	109834	109838	-	no-handler
109810	FUN_00109810	10984c	109850	109854	cleanup
109810	FUN_00109810	109870	109874	-	no-handler
10988c	FUN_0010988c	1098ac	1098b0	-	no-handler
10988c	FUN_0010988c	1098e4	1098e8	109900	cleanup
10988c	FUN_0010988c	109920	109924	-	no-handler
109938	FUN_00109938	109960	109964	-	no-handler
109938	FUN_00109938	10999c	1099a0	1099a4	cleanup
109938	FUN_00109938	1099c4	1099c8	-	no-handler
1099dc	FUN_001099dc	109a04	109a08	-	no-handler
1099dc	FUN_001099dc	109a40	109a44	109a48	cleanup
1099dc	FUN_001099dc	109a68	109a6c	-	no-handler
109b74	FUN_00109b74	109b98	109b9c	-	no-handler
109b74	FUN_00109b74	109bb0	109bb4	109bb8	cleanup
109b74	FUN_00109b74	109bd4	109bd8	-	no-handler
109d50	FUN_00109d50	109d74	109d78	-	no-handler
109d50	FUN_00109d50	109d8c	109d90	109d94	cleanup
109d50	FUN_00109d50	109db0	109db4	-	no-handler
109e84	FUN_00109e84	109ea8	109eac	-	no-handler
109e84	FUN_00109e84	109ec0	109ec4	109ec8	cleanup
109e84	FUN_00109e84	109ee4	109ee8	-	no-handler
109fa0	FUN_00109fa0	109fc4	109fc8	-	no-handler
109fa0	FUN_00109fa0	109fdc	109fe0	109fe4	cleanup
109fa0	FUN_00109fa0	10a000	10a004	-	no-handler
10a0c4	FUN_0010a0c4	10a0e8	10a0ec	-	no-handler
10a0c4	FUN_0010a0c4	10a100	10a104	10a108	cleanup
10a0c4	FUN_0010a0c4	10a124	10a128	-	no-handler
10a240	FUN_0010a240	10a264	10a268	-	no-handler
10a240	FUN_0010a240	10a27c	10a280	10a284	cleanup
10a240	FUN_0010a240	10a2a0	10a2a4	-	no-handler
10a2bc	FUN_0010a2bc	10a2e4	10a2e8	-	no-handler
10a2bc	FUN_0010a2bc	10a308	10a324	10a374	cleanup
10a2bc	FUN_0010a2bc	10a394	10a398	-	no-handler
10a398	FUN_0010a398	10a3c0	10a3c4	-	no-handler
10a398	FUN_0010a398	10a3e4	10a400	10a450	cleanup
10a398	FUN_0010a398	10a470	10a474	-	no-handler
10a474	FUN_0010a474	10a498	10a49c	-	no-handler
10a474	FUN_0010a474	10a4cc	10a4d0	10a4d4	cleanup
10a474	FUN_0010a474	10a4f4	10a4f8	-	no-handler
10a50c	FUN_0010a50c	10a530	10a534	-	no-handler
10a50c	FUN_0010a50c	10a564	10a568	10a56c	cleanup
10a50c	FUN_0010a50c	10a58c	10a590	-	no-handler
10a5a4	FUN_0010a5a4	10a5c8	10a5cc	-	no-handler
10a5a4	FUN_0010a5a4	10a5e0	10a5e4	10a5e8	cleanup
10a5a4	FUN_0010a5a4	10a604	10a608	-	no-handler
10a620	FUN_0010a620	10a644	10a648	-	no-handler
10a620	FUN_0010a620	10a67c	10a680	10a684	cleanup
10a620	FUN_0010a620	10a6a4	10a6a8	-	no-handler
10a6bc	FUN_0010a6bc	10a6e0	10a6e4	-	no-handler
10a6bc	FUN_0010a6bc	10a718	10a71c	10a720	cleanup
10a6bc	FUN_0010a6bc	10a740	10a744	-	no-handler
10a758	FUN_0010a758	10a77c	10a780	-	no-handler
10a758	FUN_0010a758	10a794	10a798	10a79c	cleanup
10a758	FUN_0010a758	10a7b8	10a7bc	-	no-handler
10ad68	FUN_0010ad68	10ad94	10ad98	-	no-handler
10ad68	FUN_0010ad68	10adac	10adb0	10adb4	cleanup
10ad68	FUN_0010ad68	10add0	10ae00	-	no-handler
10af38	FUN_0010af38	10af64	10afc8	-	no-handler
10af38	FUN_0010af38	10afec	10aff0	10b000	cleanup
10af38	FUN_0010af38	10b01c	10b0f4	-	no-handler
10bd50	FUN_0010bd50	10bd88	10be30	-	no-handler
10bd50	FUN_0010bd50	10be44	10be48	10be9c	cleanup
10bd50	FUN_0010bd50	10be4c	10be9c	-	no-handler
10bd50	FUN_0010bd50	10beb8	10bebc	-	no-handler
10c010	FUN_0010c010	10c034	10c130	-	no-handler
10c010	FUN_0010c010	10c1d4	10c1d8	10c268	cleanup
10c010	FUN_0010c010	10c20c	10c37c	-	no-handler
10d15c	FUN_0010d15c	10d190	10d284	-	no-handler
10d15c	FUN_0010d15c	10d290	10d294	10d31c	cleanup
10d15c	FUN_0010d15c	10d2d8	10d344	-	no-handler
10d4cc	FUN_0010d4cc	10d4f0	10d588	-	no-handler
10d4cc	FUN_0010d4cc	10d5c4	10d5c8	10d5e4	cleanup
10d4cc	FUN_0010d4cc	10d5e4	10d718	-	no-handler
10d730	FUN_0010d730	10d75c	10d834	-	no-handler
10d730	FUN_0010d730	10d850	10d854	10d88c	cleanup
10d730	FUN_0010d730	10d8a8	10d8d8	-	no-handler
10d730	FUN_0010d730	10d900	10d904	10d948	cleanup
10d730	FUN_0010d730	10d930	10da84	-	no-handler
10e050	FUN_0010e050	10e0a4	10e0a8	10e104	cleanup
10e050	FUN_0010e050	10e0b8	10e0bc	10e0d0	cleanup
10e050	FUN_0010e050	10e0c8	10e0cc	10e104	cleanup
10e050	FUN_0010e050	10e0e4	10e0e8	10e100	cleanup
10e050	FUN_0010e050	10e110	10e114	-	no-handler
10e114	FUN_0010e114	10e168	10e16c	10e1c8	cleanup
10e114	FUN_0010e114	10e17c	10e180	10e194	cleanup
10e114	FUN_0010e114	10e18c	10e190	10e1c8	cleanup
10e114	FUN_0010e114	10e1a8	10e1ac	10e1c4	cleanup
10e114	FUN_0010e114	10e1d4	10e1d8	-	no-handler
10e1d8	FUN_0010e1d8	10e230	10e234	10e290	cleanup
10e1d8	FUN_0010e1d8	10e244	10e248	10e25c	cleanup
10e1d8	FUN_0010e1d8	10e254	10e258	10e290	cleanup
10e1d8	FUN_0010e1d8	10e270	10e274	10e28c	cleanup
10e1d8	FUN_0010e1d8	10e29c	10e2a0	-	no-handler
10e2a0	FUN_0010e2a0	10e2f8	10e2fc	10e358	cleanup
10e2a0	FUN_0010e2a0	10e30c	10e310	10e324	cleanup
10e2a0	FUN_0010e2a0	10e31c	10e320	10e358	cleanup
10e2a0	FUN_0010e2a0	10e338	10e33c	10e354	cleanup
10e2a0	FUN_0010e2a0	10e364	10e368	-	no-handler
110020	FUN_00110020	110048	1100c4	-	no-handler
110020	FUN_00110020	1100d4	1100d8	1100ec	cleanup
110020	FUN_00110020	1100dc	1100e0	-	no-handler
110020	FUN_00110020	110108	1102b8	-	no-handler
1102e0	FUN_001102e0	110314	110318	-	no-handler
1102e0	FUN_001102e0	11033c	110340	11035c	cleanup
1102e0	FUN_001102e0	1103cc	110c04	-	no-handler
1102e0	FUN_001102e0	110c28	110c2c	110c3c	cleanup
1102e0	FUN_001102e0	110c94	110dc0	-	no-handler
1102e0	FUN_001102e0	110de0	110de4	110e90	cleanup
1102e0	FUN_001102e0	110df8	110dfc	-	no-handler
1102e0	FUN_001102e0	110e1c	110e20	110eac	cleanup
1102e0	FUN_001102e0	110e60	110e64	-	no-handler
1102e0	FUN_001102e0	110e88	110e8c	110ef0	cleanup
1102e0	FUN_001102e0	110f60	11196c	-	no-handler
1102e0	FUN_001102e0	11198c	111990	1119bc	cleanup
1102e0	FUN_001102e0	1119a0	1119a4	-	no-handler
1102e0	FUN_001102e0	1119fc	111c18	-	no-handler
1102e0	FUN_001102e0	111c28	111c2c	111c8c	cleanup
1102e0	FUN_001102e0	111ca8	112100	-	no-handler
1121b4	FUN_001121b4	1121f0	1121f4	-	no-handler
1121b4	FUN_001121b4	112218	11221c	112250	cleanup
1121b4	FUN_001121b4	112240	112244	-	no-handler
1121b4	FUN_001121b4	11228c	112640	-	no-handler
1121b4	FUN_001121b4	112650	112654	112678	cleanup
1121b4	FUN_001121b4	112694	112774	-	no-handler
1121b4	FUN_001121b4	112780	112784	1127c0	cleanup
1121b4	FUN_001121b4	1127c0	11288c	-	no-handler
11eaa0	FUN_0011eaa0	11eaf0	11ed00	-	no-handler
11eaa0	FUN_0011eaa0	11ed10	11ed14	11ed40	cleanup
11eaa0	FUN_0011eaa0	11ed18	11ed30	-	no-handler
11eaa0	FUN_0011eaa0	11ed5c	11ee80	-	no-handler
11f578	FUN_0011f578	11f5b0	11f5b4	-	no-handler
11f578	FUN_0011f578	11f604	11f77c	11f7c4	cleanup
11f578	FUN_0011f578	11f7d8	11f7e8	-	no-handler
11fb94	FUN_0011fb94	11fbcc	11fbd0	-	no-handler
11fb94	FUN_0011fb94	11fc18	11fef0	11ff30	cleanup
11fb94	FUN_0011fb94	11ff44	11ff54	-	no-handler
120cd4	FUN_00120cd4	120cf8	120d20	-	no-handler
120cd4	FUN_00120cd4	120d3c	120d40	120db4	cleanup
120cd4	FUN_00120cd4	120d54	120d58	-	no-handler
120cd4	FUN_00120cd4	120d74	120d78	120e14	cleanup
120cd4	FUN_00120cd4	120d8c	120d90	-	no-handler
120cd4	FUN_00120cd4	120dac	120db0	120e74	cleanup
120cd4	FUN_00120cd4	120de4	120de8	-	no-handler
120cd4	FUN_00120cd4	120e0c	120e10	120ea8	cleanup
120cd4	FUN_00120cd4	120e44	120e48	-	no-handler
120cd4	FUN_00120cd4	120e6c	120e70	120ec4	cleanup
120cd4	FUN_00120cd4	120ee0	120fdc	-	no-handler
121000	FUN_00121000	121040	121044	-	no-handler
121000	FUN_00121000	12108c	1210bc	1214d0	cleanup
121000	FUN_00121000	1210f4	121478	121488	cleanup
121000	FUN_00121000	1214a4	1214a8	1214d0	cleanup
121000	FUN_00121000	1214b0	1214b4	-	no-handler
121000	FUN_00121000	1214e4	1214e8	-	no-handler
1214fc	FUN_001214fc	121544	121548	-	no-handler
1214fc	FUN_001214fc	121590	1215f8	122dd0	cleanup
1214fc	FUN_001214fc	121618	12161c	12165c	cleanup
1214fc	FUN_001214fc	121634	121638	122dd0	cleanup
1214fc	FUN_001214fc	121654	121658	1216c0	cleanup
1214fc	FUN_001214fc	121678	12167c	122dd0	cleanup
1214fc	FUN_001214fc	1216e0	1216e4	121754	cleanup
1214fc	FUN_001214fc	12170c	121710	122dd0	cleanup
1214fc	FUN_001214fc	121774	121778	1217e8	cleanup
1214fc	FUN_001214fc	1217a0	1217a4	122dd0	cleanup
1214fc	FUN_001214fc	121808	12180c	12187c	cleanup
1214fc	FUN_001214fc	121834	121838	122dd0	cleanup
1214fc	FUN_001214fc	12189c	1218a0	121920	cleanup
1214fc	FUN_001214fc	1218c8	12191c	122dd0	cleanup
1214fc	FUN_001214fc	1219a0	1219e4	122dd0	cleanup
1214fc	FUN_001214fc	121a08	121a0c	121a4c	cleanup
1214fc	FUN_001214fc	121a24	121a28	122dd0	cleanup
1214fc	FUN_001214fc	121a44	121a48	121a98	cleanup
1214fc	FUN_001214fc	121a68	121a6c	122dd0	cleanup
1214fc	FUN_001214fc	121a90	121a94	121ae4	cleanup
1214fc	FUN_001214fc	121ab4	121ab8	122dd0	cleanup
1214fc	FUN_001214fc	121adc	121ae0	121b18	cleanup
1214fc	FUN_001214fc	121b08	121b30	122dd0	cleanup
1214fc	FUN_001214fc	121b54	121b58	121b98	cleanup
1214fc	FUN_001214fc	121b70	121b74	122dd0	cleanup
1214fc	FUN_001214fc	121b90	121b94	121be4	cleanup
1214fc	FUN_001214fc	121bb4	121bb8	122dd0	cleanup
1214fc	FUN_001214fc	121bdc	121be0	121c30	cleanup
1214fc	FUN_001214fc	121c00	121c04	122dd0	cleanup
1214fc	FUN_001214fc	121c28	121c2c	121c5c	cleanup
1214fc	FUN_001214fc	121c8c	121cac	122dd0	cleanup
1214fc	FUN_001214fc	121d08	121d0c	121d48	cleanup
1214fc	FUN_001214fc	121d40	121d8c	122dd0	cleanup
1214fc	FUN_001214fc	121de8	121dec	121e28	cleanup
1214fc	FUN_001214fc	121e20	121e6c	122dd0	cleanup
1214fc	FUN_001214fc	121ec8	121ecc	121f08	cleanup
1214fc	FUN_001214fc	121f00	121f04	122dd0	cleanup
1214fc	FUN_001214fc	121f60	1220c0	122dd0	cleanup
1214fc	FUN_001214fc	1220d4	1220d8	1220ec	cleanup
1214fc	FUN_001214fc	122110	122da8	122dd0	cleanup
1214fc	FUN_001214fc	122db0	122db4	-	no-handler
1214fc	FUN_001214fc	122de4	122de8	-	no-handler
1230e4	FUN_001230e4	123118	12311c	-	no-handler
1230e4	FUN_001230e4	12312c	123130	123178	cleanup
1230e4	FUN_001230e4	1231c8	1231dc	-	no-handler
1230e4	FUN_001230e4	1231f0	1231f4	12320c	cleanup
1230e4	FUN_001230e4	1231fc	123200	-	no-handler
1230e4	FUN_001230e4	123228	123270	-	no-handler
123288	FUN_00123288	1232b4	1232ec	-	no-handler
123288	FUN_00123288	123300	123304	12331c	cleanup
123288	FUN_00123288	12330c	123310	-	no-handler
123288	FUN_00123288	123338	123380	-	no-handler
12379c	FUN_0012379c	123810	123814	-	no-handler
12379c	FUN_0012379c	123830	123834	1238a8	cleanup
12379c	FUN_0012379c	123848	12384c	-	no-handler
12379c	FUN_0012379c	123868	12386c	1238c8	cleanup
12379c	FUN_0012379c	123880	123884	-	no-handler
12379c	FUN_0012379c	1238a0	1238a4	1238c8	cleanup
12379c	FUN_0012379c	1238e4	1238e8	-	no-handler
1238e8	FUN_001238e8	12395c	123960	-	no-handler
1238e8	FUN_001238e8	12397c	123980	1239f4	cleanup
1238e8	FUN_001238e8	123994	123998	-	no-handler
1238e8	FUN_001238e8	1239b4	1239b8	123a14	cleanup
1238e8	FUN_001238e8	1239cc	1239d0	-	no-handler
1238e8	FUN_001238e8	1239ec	1239f0	123a14	cleanup
1238e8	FUN_001238e8	123a30	123a34	-	no-handler
123a34	FUN_00123a34	123a74	123a78	-	no-handler
123a34	FUN_00123a34	123a88	123a8c	123b5c	cleanup
123a34	FUN_00123a34	123ab8	123b50	-	no-handler
123a34	FUN_00123a34	123b78	123b7c	-	no-handler
123c08	FUN_00123c08	123cc0	123d54	-	no-handler
123c08	FUN_00123c08	123d68	123d6c	123d84	cleanup
123c08	FUN_00123c08	123d74	123dd4	-	no-handler
123c08	FUN_00123c08	123de4	123de8	123e78	cleanup
123c08	FUN_00123c08	123e00	123e5c	-	no-handler
123c08	FUN_00123c08	123e70	123e74	123eac	cleanup
123c08	FUN_00123c08	123e9c	123fb0	-	no-handler
123c08	FUN_00123c08	123fc4	123fc8	124004	cleanup
123c08	FUN_00123c08	123fe0	124000	-	no-handler
123c08	FUN_00123c08	124020	124088	-	no-handler
1240a8	FUN_001240a8	1240f0	12412c	-	no-handler
1240a8	FUN_001240a8	124140	124144	12415c	cleanup
1240a8	FUN_001240a8	12414c	124150	-	no-handler
1240a8	FUN_001240a8	124178	1241e4	-	no-handler
1241fc	FUN_001241fc	12422c	124230	-	no-handler
1241fc	FUN_001241fc	124244	124248	12429c	cleanup
1241fc	FUN_001241fc	124254	124280	-	no-handler
1241fc	FUN_001241fc	124294	124298	1242d0	cleanup
1241fc	FUN_001241fc	1242c0	1242c4	-	no-handler
1241fc	FUN_001241fc	1242ec	124334	-	no-handler
12434c	FUN_0012434c	124374	124378	-	no-handler
12434c	FUN_0012434c	12438c	124390	1243cc	cleanup
12434c	FUN_0012434c	12439c	1243b0	-	no-handler
12434c	FUN_0012434c	1243c4	1243c8	124400	cleanup
12434c	FUN_0012434c	1243f0	1243f4	-	no-handler
12434c	FUN_0012434c	12441c	124464	-	no-handler
12447c	FUN_0012447c	1244a4	1244a8	-	no-handler
12447c	FUN_0012447c	1244b8	1244bc	1244f8	cleanup
12447c	FUN_0012447c	1244c8	1244dc	-	no-handler
12447c	FUN_0012447c	1244f0	1244f4	12452c	cleanup
12447c	FUN_0012447c	12451c	124520	-	no-handler
12447c	FUN_0012447c	124548	124590	-	no-handler
1245a8	FUN_001245a8	1245d0	1245d4	-	no-handler
1245a8	FUN_001245a8	124628	12467c	1246f4	cleanup
1245a8	FUN_001245a8	124690	124694	1246b8	cleanup
1245a8	FUN_001245a8	1246b0	1246b4	1246f4	cleanup
1245a8	FUN_001245a8	1246e0	1246f0	1246f4	cleanup
1245a8	FUN_001245a8	12470c	124710	-	no-handler
124724	FUN_00124724	12474c	124750	-	no-handler
124724	FUN_00124724	1247a4	1247f8	124870	cleanup
124724	FUN_00124724	12480c	124810	124834	cleanup
124724	FUN_00124724	12482c	124830	124870	cleanup
124724	FUN_00124724	12485c	12486c	124870	cleanup
124724	FUN_00124724	124888	12488c	-	no-handler
12499c	FUN_0012499c	1249bc	1249c0	-	no-handler
12499c	FUN_0012499c	1249fc	124a28	124ae4	cleanup
12499c	FUN_0012499c	124a3c	124a40	124a50	cleanup
12499c	FUN_0012499c	124a48	124a4c	124ae4	cleanup
12499c	FUN_0012499c	124a78	124ae0	124ae4	cleanup
12499c	FUN_0012499c	124b0c	124b10	-	no-handler
124b24	FUN_00124b24	124b4c	124b50	-	no-handler
124b24	FUN_00124b24	124b84	124b9c	124c54	cleanup
124b24	FUN_00124b24	124bb0	124bb4	124bc4	cleanup
124b24	FUN_00124b24	124bbc	124bc0	124c54	cleanup
124b24	FUN_00124b24	124bec	124c50	124c54	cleanup
124b24	FUN_00124b24	124c7c	124c80	-	no-handler
124c94	FUN_00124c94	124cbc	124cc0	-	no-handler
124c94	FUN_00124c94	124cf4	124d0c	124dc4	cleanup
124c94	FUN_00124c94	124d20	124d24	124d34	cleanup
124c94	FUN_00124c94	124d2c	124d30	124dc4	cleanup
124c94	FUN_00124c94	124d5c	124dc0	124dc4	cleanup
124c94	FUN_00124c94	124dec	124df0	-	no-handler
124e68	FUN_00124e68	124e90	124e94	-	no-handler
124e68	FUN_00124e68	124ebc	124ec0	1250ac	cleanup
124e68	FUN_00124e68	124ed0	124ed4	124ee8	cleanup
124e68	FUN_00124e68	124ee0	124ee4	1250ac	cleanup
124e68	FUN_00124e68	124f10	125058	1250ac	cleanup
124e68	FUN_00124e68	1250c4	1250c8	-	no-handler
1250dc	FUN_001250dc	125104	125108	-	no-handler
1250dc	FUN_001250dc	125130	125134	125320	cleanup
1250dc	FUN_001250dc	125144	125148	12515c	cleanup
1250dc	FUN_001250dc	125154	125158	125320	cleanup
1250dc	FUN_001250dc	125184	1252cc	125320	cleanup
1250dc	FUN_001250dc	125338	12533c	-	no-handler
125350	FUN_00125350	125378	12537c	-	no-handler
125350	FUN_00125350	1253b4	1253e4	125780	cleanup
125350	FUN_00125350	1253f4	1253f8	12541c	cleanup
125350	FUN_00125350	125414	125418	125780	cleanup
125350	FUN_00125350	125444	125480	125780	cleanup
125350	FUN_00125350	125490	125494	1254a4	cleanup
125350	FUN_00125350	12549c	1254a0	125780	cleanup
125350	FUN_00125350	1254cc	1255bc	125780	cleanup
125350	FUN_00125350	1255cc	1255d0	1255e4	cleanup
125350	FUN_00125350	1255dc	1255e0	125780	cleanup
125350	FUN_00125350	12560c	125774	125780	cleanup
125350	FUN_00125350	125798	12579c	-	no-handler
1257b0	FUN_001257b0	1257d8	1257dc	-	no-handler
1257b0	FUN_001257b0	125814	125844	125be0	cleanup
1257b0	FUN_001257b0	125854	125858	12587c	cleanup
1257b0	FUN_001257b0	125874	125878	125be0	cleanup
1257b0	FUN_001257b0	1258a4	1258e0	125be0	cleanup
1257b0	FUN_001257b0	1258f0	1258f4	125904	cleanup
1257b0	FUN_001257b0	1258fc	125900	125be0	cleanup
1257b0	FUN_001257b0	12592c	125a1c	125be0	cleanup
1257b0	FUN_001257b0	125a2c	125a30	125a44	cleanup
1257b0	FUN_001257b0	125a3c	125a40	125be0	cleanup
1257b0	FUN_001257b0	125a6c	125bd4	125be0	cleanup
1257b0	FUN_001257b0	125bf8	125bfc	-	no-handler
125c10	FUN_00125c10	125c34	125c38	-	no-handler
125c10	FUN_00125c10	125c50	125c54	125c78	cleanup
125c10	FUN_00125c10	125c88	125c8c	-	no-handler
125c8c	FUN_00125c8c	125cb0	125cb4	-	no-handler
125c8c	FUN_00125c8c	125ccc	125cd0	125cf4	cleanup
125c8c	FUN_00125c8c	125d04	125d08	-	no-handler
125db8	FUN_00125db8	125dd8	125ddc	-	no-handler
125db8	FUN_00125db8	125e18	125e44	125f00	cleanup
125db8	FUN_00125db8	125e58	125e5c	125e6c	cleanup
125db8	FUN_00125db8	125e64	125e68	125f00	cleanup
125db8	FUN_00125db8	125e94	125efc	125f00	cleanup
125db8	FUN_00125db8	125f28	125f2c	-	no-handler
12622c	FUN_0012622c	126250	126254	-	no-handler
12622c	FUN_0012622c	126290	126294	126348	cleanup
12622c	FUN_0012622c	1262a4	1262a8	1262c8	cleanup
12622c	FUN_0012622c	1262c0	1262c4	126348	cleanup
12622c	FUN_0012622c	1262ec	126344	126348	cleanup
12622c	FUN_0012622c	126360	126364	-	no-handler
126378	FUN_00126378	12639c	1263a0	-	no-handler
126378	FUN_00126378	1263dc	1263e0	126494	cleanup
126378	FUN_00126378	1263f0	1263f4	126414	cleanup
126378	FUN_00126378	12640c	126410	126494	cleanup
126378	FUN_00126378	126438	126490	126494	cleanup
126378	FUN_00126378	1264ac	1264b0	-	no-handler
1267ec	FUN_001267ec	126818	12681c	-	no-handler
1267ec	FUN_001267ec	126838	12683c	126840	cleanup
1267ec	FUN_001267ec	12685c	126860	-	no-handler
1268f8	FUN_001268f8	126924	126928	-	no-handler
1268f8	FUN_001268f8	126944	126948	12694c	cleanup
1268f8	FUN_001268f8	126968	12696c	-	no-handler
126984	FUN_00126984	1269b0	1269b4	-	no-handler
126984	FUN_00126984	1269d0	1269d4	1269d8	cleanup
126984	FUN_00126984	1269f4	1269f8	-	no-handler
126a10	FUN_00126a10	126a3c	126a40	-	no-handler
126a10	FUN_00126a10	126a5c	126a60	126a64	cleanup
126a10	FUN_00126a10	126a80	126a84	-	no-handler
126a9c	FUN_00126a9c	126ac8	126acc	-	no-handler
126a9c	FUN_00126a9c	126ae8	126aec	126af0	cleanup
126a9c	FUN_00126a9c	126b0c	126b10	-	no-handler
126b28	FUN_00126b28	126b54	126b58	-	no-handler
126b28	FUN_00126b28	126b74	126b78	126b7c	cleanup
126b28	FUN_00126b28	126b98	126b9c	-	no-handler
126bb4	FUN_00126bb4	126be0	126be4	-	no-handler
126bb4	FUN_00126bb4	126c00	126c04	126c08	cleanup
126bb4	FUN_00126bb4	126c24	126c28	-	no-handler
126c40	FUN_00126c40	126c6c	126c70	-	no-handler
126c40	FUN_00126c40	126c8c	126c90	126c94	cleanup
126c40	FUN_00126c40	126cb0	126cb4	-	no-handler
126ccc	FUN_00126ccc	126cf8	126cfc	-	no-handler
126ccc	FUN_00126ccc	126d18	126d1c	126d20	cleanup
126ccc	FUN_00126ccc	126d3c	126d40	-	no-handler
126d58	FUN_00126d58	126d84	126d88	-	no-handler
126d58	FUN_00126d58	126da4	126da8	126dac	cleanup
126d58	FUN_00126d58	126dc8	126dcc	-	no-handler
126de4	FUN_00126de4	126e18	126e1c	-	no-handler
126de4	FUN_00126de4	126e38	126e3c	126e40	cleanup
126de4	FUN_00126de4	126e5c	126e60	-	no-handler
126e90	FUN_00126e90	126ebc	126ec0	-	no-handler
126e90	FUN_00126e90	126edc	126ee0	126ee4	cleanup
126e90	FUN_00126e90	126f00	126f04	-	no-handler
126f1c	FUN_00126f1c	126f48	126f4c	-	no-handler
126f1c	FUN_00126f1c	126f68	126f6c	126f70	cleanup
126f1c	FUN_00126f1c	126f8c	126f90	-	no-handler
126fa8	FUN_00126fa8	126fd4	126fd8	-	no-handler
126fa8	FUN_00126fa8	126ff4	126ff8	126ffc	cleanup
126fa8	FUN_00126fa8	127018	12701c	-	no-handler
127034	FUN_00127034	127060	127064	-	no-handler
127034	FUN_00127034	127080	127084	127088	cleanup
127034	FUN_00127034	1270a4	1270a8	-	no-handler
1270c0	FUN_001270c0	1270ec	1270f0	-	no-handler
1270c0	FUN_001270c0	12710c	127110	127114	cleanup
1270c0	FUN_001270c0	127130	127134	-	no-handler
12714c	FUN_0012714c	127178	12717c	-	no-handler
12714c	FUN_0012714c	127198	12719c	1271a0	cleanup
12714c	FUN_0012714c	1271bc	1271c0	-	no-handler
1271d8	FUN_001271d8	127204	127208	-	no-handler
1271d8	FUN_001271d8	127224	127228	12722c	cleanup
1271d8	FUN_001271d8	127248	12724c	-	no-handler
127994	FUN_00127994	1279e8	1279ec	-	no-handler
127994	FUN_00127994	127a48	127a4c	127abc	cleanup
127994	FUN_00127994	127a74	127a78	-	no-handler
127994	FUN_00127994	127adc	127ae0	127b50	cleanup
127994	FUN_00127994	127b08	127b0c	-	no-handler
127994	FUN_00127994	127b70	127b74	127be4	cleanup
127994	FUN_00127994	127b9c	127ba0	-	no-handler
127994	FUN_00127994	127c04	127c08	127c78	cleanup
127994	FUN_00127994	127c30	127c34	-	no-handler
127994	FUN_00127994	127c98	127c9c	127d2c	cleanup
127994	FUN_00127994	127cc8	127ccc	-	no-handler
127994	FUN_00127994	127ce8	127cec	127d78	cleanup
127994	FUN_00127994	127d04	127d08	-	no-handler
127994	FUN_00127994	127d24	127d28	127dac	cleanup
127994	FUN_00127994	127d50	127d54	-	no-handler
127994	FUN_00127994	127d70	127d74	127dc8	cleanup
127994	FUN_00127994	127d90	127d94	-	no-handler
127994	FUN_00127994	127da4	127da8	127dc8	cleanup
127994	FUN_00127994	127de4	127de8	-	no-handler
127f24	FUN_00127f24	127f4c	127f50	-	no-handler
127f24	FUN_00127f24	127f84	127f90	127fd8	cleanup
127f24	FUN_00127f24	127fa0	127fe8	-	no-handler
128fd0	FUN_00128fd0	128ff4	128ff8	-	no-handler
128fd0	FUN_00128fd0	12906c	129104	129108	cleanup
128fd0	FUN_00128fd0	129118	12911c	-	no-handler
129130	FUN_00129130	129154	129158	-	no-handler
129130	FUN_00129130	1291cc	129264	129268	cleanup
129130	FUN_00129130	129278	12927c	-	no-handler
129290	FUN_00129290	1292b8	1292bc	-	no-handler
129290	FUN_00129290	1292ec	1292f8	129340	cleanup
129290	FUN_00129290	129308	129350	-	no-handler
12a00c	FUN_0012a00c	12a0e0	12a1e8	-	no-handler
12a00c	FUN_0012a00c	12a1fc	12a200	12a204	cleanup
12a00c	FUN_0012a00c	12a220	12a230	-	no-handler
12a4b8	FUN_0012a4b8	12a4e0	12a4e4	-	no-handler
12a4b8	FUN_0012a4b8	12a514	12a520	12a568	cleanup
12a4b8	FUN_0012a4b8	12a530	12a578	-	no-handler
12a578	FUN_0012a578	12a59c	12a5a0	-	no-handler
12a578	FUN_0012a578	12a638	12a694	12a698	cleanup
12a578	FUN_0012a578	12a6a8	12a6ac	-	no-handler
12a6c0	FUN_0012a6c0	12a6e4	12a6e8	-	no-handler
12a6c0	FUN_0012a6c0	12a780	12a7dc	12a7e0	cleanup
12a6c0	FUN_0012a6c0	12a7f0	12a7f4	-	no-handler
12a808	FUN_0012a808	12a830	12a834	-	no-handler
12a808	FUN_0012a808	12a868	12a880	12a884	cleanup
12a808	FUN_0012a808	12a8a4	12a8a8	-	no-handler
12a8bc	FUN_0012a8bc	12a8e4	12a8e8	-	no-handler
12a8bc	FUN_0012a8bc	12a91c	12a934	12a938	cleanup
12a8bc	FUN_0012a8bc	12a958	12a95c	-	no-handler
12b520	FUN_0012b520	12b558	12b55c	-	no-handler
12b520	FUN_0012b520	12b5a0	12b5ac	12b5e0	cleanup
12b520	FUN_0012b520	12b5c0	12b5c4	-	no-handler
12b520	FUN_0012b520	12b5f4	12b618	-	no-handler
12b6a8	FUN_0012b6a8	12b6d8	12b73c	-	no-handler
12b6a8	FUN_0012b6a8	12b74c	12b750	12b788	cleanup
12b6a8	FUN_0012b6a8	12b75c	12b760	-	no-handler
12b6a8	FUN_0012b6a8	12b7a4	12ba30	-	no-handler
12bb48	FUN_0012bb48	12bb88	12bbd0	-	no-handler
12bb48	FUN_0012bb48	12bc8c	12c0ac	-	no-handler
12bb48	FUN_0012bb48	12c0bc	12c0c0	12bc70	cleanup
12cfa4	FUN_0012cfa4	12cfe8	12cfec	-	no-handler
12cfa4	FUN_0012cfa4	12d030	12d2b8	12d2d8	cleanup
12cfa4	FUN_0012cfa4	12d2c0	12d2c4	-	no-handler
12cfa4	FUN_0012cfa4	12d2ec	12d2f0	-	no-handler
12d2f0	FUN_0012d2f0	12d334	12d9a8	-	no-handler
12d2f0	FUN_0012d2f0	12d9b4	12d9b8	12dab4	cleanup
12d2f0	FUN_0012d2f0	12d9c8	12dcdc	-	no-handler
12dd58	FUN_0012dd58	12dda4	12dda8	-	no-handler
12dd58	FUN_0012dd58	12ddb4	12df54	12df58	cleanup
12dd58	FUN_0012dd58	12df6c	12df7c	-	no-handler
12df90	FUN_0012df90	12dffc	12e000	-	no-handler
12df90	FUN_0012df90	12e044	12e44c	12e450	cleanup
12df90	FUN_0012df90	12e464	12e474	-	no-handler
12e488	FUN_0012e488	12e4a8	12e4e4	-	no-handler
12e488	FUN_0012e488	12e4f4	12e4f8	12e534	cleanup
12e488	FUN_0012e488	12e50c	12e530	-	no-handler
12e488	FUN_0012e488	12e550	12e554	-	no-handler
12e56c	FUN_0012e56c	12e5a4	12e5c8	-	no-handler
12e56c	FUN_0012e56c	12e5dc	12e5e0	12e658	cleanup
12e56c	FUN_0012e56c	12e5f0	12e640	-	no-handler
12e56c	FUN_0012e56c	12e650	12e654	12e6cc	cleanup
12e56c	FUN_0012e56c	12e684	12e6b4	-	no-handler
12e56c	FUN_0012e56c	12e6c4	12e6c8	12e718	cleanup
12e56c	FUN_0012e56c	12e6f4	12e6f8	-	no-handler
12e56c	FUN_0012e56c	12e710	12e714	12e768	cleanup
12e56c	FUN_0012e56c	12e740	12e744	-	no-handler
12e56c	FUN_0012e56c	12e760	12e764	12e7ac	cleanup
12e56c	FUN_0012e56c	12e790	12e794	-	no-handler
12e56c	FUN_0012e56c	12e7a4	12e7a8	12e88c	cleanup
12e56c	FUN_0012e56c	12e7f4	12e88c	-	no-handler
12e56c	FUN_0012e56c	12e8a8	12e8ac	-	no-handler
12e8c0	FUN_0012e8c0	12e8ec	12e990	-	no-handler
12e8c0	FUN_0012e8c0	12e9a0	12e9a4	12e9f0	cleanup
12e8c0	FUN_0012e8c0	12e9b8	12ea48	-	no-handler
12e8c0	FUN_0012e8c0	12ea58	12ea5c	12ea90	cleanup
12e8c0	FUN_0012e8c0	12ea70	12ea84	-	no-handler
12e8c0	FUN_0012e8c0	12eaac	12eab0	-	no-handler
12eacc	FUN_0012eacc	12eb0c	12eb10	-	no-handler
12eacc	FUN_0012eacc	12eb30	12eb34	12ec10	cleanup
12eacc	FUN_0012eacc	12eb50	12ebfc	-	no-handler
12eacc	FUN_0012eacc	12ec5c	12ee14	-	no-handler
12eacc	FUN_0012eacc	12ee28	12ee2c	12eec4	cleanup
12eacc	FUN_0012eacc	12ee3c	12eea0	-	no-handler
12eacc	FUN_0012eacc	12eebc	12eec0	12eef4	cleanup
12eacc	FUN_0012eacc	12eee4	12eee8	-	no-handler
12eacc	FUN_0012eacc	12ef20	12ef24	-	no-handler
12eacc	FUN_0012eacc	12ef34	12ef38	12efa8	cleanup
12eacc	FUN_0012eacc	12ef44	12ef90	-	no-handler
12eacc	FUN_0012eacc	12efa0	12efa4	12f090	cleanup
12eacc	FUN_0012eacc	12efbc	12f080	-	no-handler
12eacc	FUN_0012eacc	12f0ac	12f0d0	-	no-handler
12f0f8	FUN_0012f0f8	12f130	12f37c	-	no-handler
12f0f8	FUN_0012f0f8	12f3a0	12f3a4	12f3b0	cleanup
12f0f8	FUN_0012f0f8	12f404	12fdbc	-	no-handler
12f0f8	FUN_0012f0f8	12fdcc	12fdd0	12fe18	cleanup
12f0f8	FUN_0012f0f8	12fde8	12fe08	-	no-handler
12f0f8	FUN_0012f0f8	12fe34	12fe38	-	no-handler
12fe8c	FUN_0012fe8c	12feac	12fef4	-	no-handler
12fe8c	FUN_0012fe8c	12ff0c	13005c	130068	cleanup
12fe8c	FUN_0012fe8c	13007c	130098	-	no-handler
130ec0	FUN_00130ec0	130ee8	130eec	-	no-handler
130ec0	FUN_00130ec0	130f00	130f04	130f08	cleanup
130ec0	FUN_00130ec0	130f24	130f4c	-	no-handler
130f64	FUN_00130f64	130f8c	130f90	-	no-handler
130f64	FUN_00130f64	130fa4	130fa8	130fac	cleanup
130f64	FUN_00130f64	130fc8	130ff0	-	no-handler
1311cc	FUN_001311cc	131204	131208	-	no-handler
1311cc	FUN_001311cc	13121c	131220	131224	cleanup
1311cc	FUN_001311cc	131240	1312cc	-	no-handler
1312f4	FUN_001312f4	131324	1313bc	-	no-handler
1312f4	FUN_001312f4	1313d0	1313d4	1313d8	cleanup
1312f4	FUN_001312f4	1313f4	1314b8	-	no-handler
131a80	FUN_00131a80	131b24	131b28	-	no-handler
131a80	FUN_00131a80	131b48	131b4c	131b68	cleanup
131a80	FUN_00131a80	131b84	131bd8	-	no-handler
1322a8	FUN_001322a8	13230c	1323a0	-	no-handler
1322a8	FUN_001322a8	1323c4	1323c8	13245c	cleanup
1322a8	FUN_001322a8	1323e0	1323e4	132448	cleanup
1322a8	FUN_001322a8	132478	1330c0	-	no-handler
13323c	FUN_0013323c	133278	13327c	-	no-handler
13323c	FUN_0013323c	13329c	1332a0	133f84	cleanup
13323c	FUN_0013323c	1332a8	133f40	133f50	cleanup
13323c	FUN_0013323c	133f48	133f4c	133f84	cleanup
13323c	FUN_0013323c	133f6c	133f70	-	no-handler
13323c	FUN_0013323c	133f98	133f9c	-	no-handler
13323c	FUN_0013323c	133fdc	133fe0	133f50	cleanup
133fe4	FUN_00133fe4	134008	134024	-	no-handler
133fe4	FUN_00133fe4	134044	134048	134070	cleanup
133fe4	FUN_00133fe4	13408c	1343e8	-	no-handler
134658	FUN_00134658	134674	134864	-	no-handler
134658	FUN_00134658	134880	134884	1348bc	cleanup
134658	FUN_00134658	1348a0	1348b8	-	no-handler
134658	FUN_00134658	1348d8	134a78	-	no-handler
135110	FUN_00135110	135160	135164	-	no-handler
135110	FUN_00135110	135184	135188	1351a4	cleanup
135110	FUN_00135110	1351c0	1351c4	-	no-handler
1351c4	FUN_001351c4	135214	135218	-	no-handler
1351c4	FUN_001351c4	135238	13523c	135258	cleanup
1351c4	FUN_001351c4	135274	135278	-	no-handler
135fb0	FUN_00135fb0	136024	13610c	-	no-handler
135fb0	FUN_00135fb0	136128	13612c	1361b4	cleanup
135fb0	FUN_00135fb0	136144	136148	-	no-handler
135fb0	FUN_00135fb0	136164	136168	1361b4	cleanup
135fb0	FUN_00135fb0	136194	136198	-	no-handler
135fb0	FUN_00135fb0	1361d0	136e50	-	no-handler
136ec4	?	136f00	136f1c	-	no-handler
136ec4	?	136f3c	136f40	136f5c	cleanup
136ec4	?	136f74	136f78	-	no-handler
136ec4	?	136f94	136f98	136fac	cleanup
136ec4	?	136fc8	137150	-	no-handler
13719c	FUN_0013719c	1371d8	1371f4	-	no-handler
13719c	FUN_0013719c	137214	137218	137234	cleanup
13719c	FUN_0013719c	13724c	137250	-	no-handler
13719c	FUN_0013719c	13726c	137270	137284	cleanup
13719c	FUN_0013719c	1372a0	137428	-	no-handler
137474	FUN_00137474	1374c4	1375ec	-	no-handler
137474	FUN_00137474	137608	13760c	137620	cleanup
137474	FUN_00137474	13763c	13767c	-	no-handler
137694	FUN_00137694	1376ec	137828	-	no-handler
137694	FUN_00137694	137844	137848	13785c	cleanup
137694	FUN_00137694	137878	1378b8	-	no-handler
139d40	FUN_00139d40	139d78	139d7c	-	no-handler
139d40	FUN_00139d40	139dcc	139f00	139f4c	cleanup
139d40	FUN_00139d40	139f60	139f70	-	no-handler
13b3f0	FUN_0013b3f0	13b41c	13b440	-	no-handler
13b3f0	FUN_0013b3f0	13b464	13b468	13b49c	cleanup
13b3f0	FUN_0013b3f0	13b4c8	13b6bc	-	no-handler
13b3f0	FUN_0013b3f0	13b6cc	13b6d0	13b808	cleanup
13b3f0	FUN_0013b3f0	13b6dc	13b7f0	-	no-handler
13b3f0	FUN_0013b3f0	13b840	13b91c	-	no-handler
13b3f0	FUN_0013b3f0	13b930	13b934	13b978	cleanup
13b3f0	FUN_0013b3f0	13b954	13b974	-	no-handler
13b3f0	FUN_0013b3f0	13b9ac	13ba1c	-	no-handler
13b3f0	FUN_0013b3f0	13ba44	13ba48	13ba90	cleanup
13b3f0	FUN_0013b3f0	13ba54	13ba78	-	no-handler
13b3f0	FUN_0013b3f0	13baac	13bd2c	-	no-handler
13bd68	FUN_0013bd68	13bdb4	13be88	-	no-handler
13bd68	FUN_0013bd68	13be9c	13c1c8	13c1cc	cleanup
13bd68	FUN_0013bd68	13c1e0	13c1f0	-	no-handler
13c210	FUN_0013c210	13c234	13c2c0	-	no-handler
13c210	FUN_0013c210	13c2dc	13c2e0	13c5e8	cleanup
13c210	FUN_0013c210	13c33c	13c558	13c5d4	cleanup
13c210	FUN_0013c210	13c5b0	13c5b4	13c5e8	cleanup
13c210	FUN_0013c210	13c5bc	13c5c0	-	no-handler
13c210	FUN_0013c210	13c5fc	13c600	-	no-handler
13c210	FUN_0013c210	13c604	13c608	13c5d4	cleanup
13c60c	FUN_0013c60c	13c650	13c654	-	no-handler
13c60c	FUN_0013c60c	13c670	13c674	13ca5c	cleanup
13c60c	FUN_0013c60c	13c6d0	13c9c8	13ca48	cleanup
13c60c	FUN_0013c60c	13ca24	13ca28	13ca5c	cleanup
13c60c	FUN_0013c60c	13ca30	13ca34	-	no-handler
13c60c	FUN_0013c60c	13ca70	13ca74	-	no-handler
13d160	FUN_0013d160	13d184	13d1dc	-	no-handler
13d160	FUN_0013d160	13d204	13d288	13d2d8	cleanup
13d160	FUN_0013d160	13d290	13d2cc	-	no-handler
13d160	FUN_0013d160	13d2ec	13d3a4	-	no-handler
13da3c	FUN_0013da3c	13da68	13daa4	-	no-handler
13da3c	FUN_0013da3c	13db04	13db94	13dba4	cleanup
13da3c	FUN_0013da3c	13dbb0	13dbe8	-	no-handler
13da3c	FUN_0013da3c	13dc48	13dcd8	13dd38	cleanup
13da3c	FUN_0013da3c	13dcec	13dd18	-	no-handler
13da3c	FUN_0013da3c	13dd30	13dd34	13f3bc	cleanup
13da3c	FUN_0013da3c	13dd4c	13dd50	-	no-handler
13da3c	FUN_0013da3c	13dd60	13de14	13f3bc	cleanup
13da3c	FUN_0013da3c	13de30	13de34	13de58	cleanup
13da3c	FUN_0013da3c	13dea4	13e784	13f3bc	cleanup
13da3c	FUN_0013da3c	13e7a4	13e7a8	13e7c8	cleanup
13da3c	FUN_0013da3c	13e804	13ed5c	13f3bc	cleanup
13da3c	FUN_0013da3c	13ed7c	13ed80	13eda8	cleanup
13da3c	FUN_0013da3c	13ed94	13eda4	13f3bc	cleanup
13da3c	FUN_0013da3c	13edd0	13edd4	13ee04	cleanup
13da3c	FUN_0013da3c	13edfc	13f388	13f3bc	cleanup
13da3c	FUN_0013da3c	13f39c	13f3a0	-	no-handler
13da3c	FUN_0013da3c	13f3d0	13f3d4	-	no-handler
13fc38	FUN_0013fc38	13fc6c	13fc88	-	no-handler
13fc38	FUN_0013fc38	13fca4	13fca8	13fd28	cleanup
13fc38	FUN_0013fc38	13fcbc	13fcc0	-	no-handler
13fc38	FUN_0013fc38	13fcdc	13fce0	13fd5c	cleanup
13fc38	FUN_0013fc38	13fd00	13fd04	-	no-handler
13fc38	FUN_0013fc38	13fd20	13fd24	140e44	cleanup
13fc38	FUN_0013fc38	13fdb4	14073c	140dfc	cleanup
13fc38	FUN_0013fc38	140760	140764	1407a0	cleanup
13fc38	FUN_0013fc38	14078c	14079c	140dfc	cleanup
13fc38	FUN_0013fc38	1407e0	140db4	140dfc	cleanup
13fc38	FUN_0013fc38	140e18	140e1c	140e44	cleanup
13fc38	FUN_0013fc38	140e24	140e28	-	no-handler
13fc38	FUN_0013fc38	140e58	140e5c	-	no-handler
142974	FUN_00142974	1429a0	142a04	-	no-handler
142974	FUN_00142974	142a80	142f28	142f70	cleanup
142974	FUN_00142974	142f84	142f98	-	no-handler
14375c	FUN_0014375c	1437a4	1437a8	-	no-handler
14375c	FUN_0014375c	1437c4	1437c8	143e18	cleanup
14375c	FUN_0014375c	143810	143d94	143de4	cleanup
14375c	FUN_0014375c	143ddc	143de0	143e18	cleanup
14375c	FUN_0014375c	143e00	143e04	-	no-handler
14375c	FUN_0014375c	143e2c	143e30	-	no-handler
145670	FUN_00145670	1456d0	145768	-	no-handler
145670	FUN_00145670	1457b8	146548	146564	cleanup
145670	FUN_00145670	146560	146564	-	no-handler
145670	FUN_00145670	146578	14657c	-	no-handler
14657c	FUN_0014657c	1465b8	1465bc	-	no-handler
14657c	FUN_0014657c	1465d0	1465d4	1465d8	cleanup
14657c	FUN_0014657c	1465ec	1465fc	-	no-handler
147f54	FUN_00147f54	147fa4	14830c	-	no-handler
147f54	FUN_00147f54	148318	14831c	148328	cleanup
147f54	FUN_00147f54	148328	148420	-	no-handler
14acb8	FUN_0014acb8	14ad0c	14af88	-	no-handler
14acb8	FUN_0014acb8	14af98	14af9c	14b00c	cleanup
14acb8	FUN_0014acb8	14afa4	14b138	-	no-handler
14b150	FUN_0014b150	14b190	14b60c	-	no-handler
14b150	FUN_0014b150	14b618	14b61c	14b720	cleanup
14b150	FUN_0014b150	14b628	14b778	-	no-handler
14b150	FUN_0014b150	14b784	14b788	14b7f4	cleanup
14b150	FUN_0014b150	14b794	14b80c	-	no-handler
14b82c	FUN_0014b82c	14b860	14bb54	-	no-handler
14b82c	FUN_0014b82c	14bb60	14bb64	14bbe4	cleanup
14b82c	FUN_0014b82c	14bb74	14bd9c	-	no-handler
14d274	FUN_0014d274	14d2d0	14d758	-	no-handler
14d274	FUN_0014d274	14d764	14d768	14d794	cleanup
14d274	FUN_0014d274	14d794	14d8cc	-	no-handler
14d8f8	FUN_0014d8f8	14d944	14e17c	-	no-handler
14d8f8	FUN_0014d8f8	14e188	14e18c	14e1b8	cleanup
14d8f8	FUN_0014d8f8	14e1b8	14e2b4	-	no-handler
14e6e4	FUN_0014e6e4	14e720	14e778	-	no-handler
14e6e4	FUN_0014e6e4	14e78c	14e968	14e984	cleanup
14e6e4	FUN_0014e6e4	14e97c	14e980	-	no-handler
14e6e4	FUN_0014e6e4	14e998	14e9c8	-	no-handler
151370	FUN_00151370	1513a4	151768	-	no-handler
151370	FUN_00151370	151774	151778	1518ac	cleanup
151370	FUN_00151370	151788	151a54	-	no-handler
151a74	FUN_00151a74	151ab0	1520c8	-	no-handler
151a74	FUN_00151a74	1520d4	1520d8	1521dc	cleanup
151a74	FUN_00151a74	1520e8	152490	-	no-handler
1524b8	FUN_001524b8	1524f4	152a3c	-	no-handler
1524b8	FUN_001524b8	152a48	152a4c	152b28	cleanup
1524b8	FUN_001524b8	152a5c	152e74	-	no-handler
152ea8	FUN_00152ea8	152ee4	153fb8	-	no-handler
152ea8	FUN_00152ea8	153fc4	153fc8	154118	cleanup
152ea8	FUN_00152ea8	153fd4	1541cc	-	no-handler
1541f0	FUN_001541f0	15422c	154a28	-	no-handler
1541f0	FUN_001541f0	154a34	154a38	154a44	cleanup
1541f0	FUN_001541f0	154a44	154d88	-	no-handler
154dc0	FUN_00154dc0	154e18	155130	-	no-handler
154dc0	FUN_00154dc0	155140	155144	155148	cleanup
154dc0	FUN_00154dc0	155158	15515c	155264	cleanup
154dc0	FUN_00154dc0	155168	155444	-	no-handler
155a60	FUN_00155a60	155ae0	155c64	-	no-handler
155a60	FUN_00155a60	155c70	155c74	155c88	cleanup
155a60	FUN_00155a60	155cb4	15624c	-	no-handler
155a60	FUN_00155a60	156258	15625c	15626c	cleanup
155a60	FUN_00155a60	15626c	156c90	-	no-handler
156d48	FUN_00156d48	156d88	156f18	-	no-handler
156d48	FUN_00156d48	156f24	156f28	156f34	cleanup
156d48	FUN_00156d48	156fb4	157214	-	no-handler
156d48	FUN_00156d48	15726c	1579bc	157b48	cleanup
156d48	FUN_00156d48	1579c8	1579cc	1579dc	cleanup
156d48	FUN_00156d48	1579d4	157b38	157b48	cleanup
156d48	FUN_00156d48	157b40	157b44	-	no-handler
156d48	FUN_00156d48	157b5c	157b60	-	no-handler
158264	FUN_00158264	1582bc	158570	-	no-handler
158264	FUN_00158264	158588	15858c	1585a0	cleanup
158264	FUN_00158264	1585a0	158964	-	no-handler
158c3c	FUN_00158c3c	158c78	158c7c	-	no-handler
158c3c	FUN_00158c3c	158cc0	1595a0	1595b4	cleanup
158c3c	FUN_00158c3c	1595c8	1595d8	-	no-handler
15ceb0	FUN_0015ceb0	15cee8	15d374	-	no-handler
15ceb0	FUN_0015ceb0	15d380	15d384	15d458	cleanup
15ceb0	FUN_0015ceb0	15d390	15dcbc	-	no-handler
15ceb0	FUN_0015ceb0	15dcc8	15dccc	15dd3c	cleanup
15ceb0	FUN_0015ceb0	15dcdc	15dedc	-	no-handler
15df44	FUN_0015df44	15df80	15e0d4	-	no-handler
15df44	FUN_0015df44	15e0e0	15e0e4	15e120	cleanup
15df44	FUN_0015df44	15e0f8	15e12c	-	no-handler
15df44	FUN_0015df44	15e138	15e13c	15e1a0	cleanup
15df44	FUN_0015df44	15e14c	15e2d0	-	no-handler
15e494	FUN_0015e494	15e4d4	15e718	-	no-handler
15e494	FUN_0015e494	15e75c	15e760	15e798	cleanup
15e494	FUN_0015e494	15e77c	15e9e0	-	no-handler
15ea3c	FUN_0015ea3c	15ea90	15ec9c	-	no-handler
15ea3c	FUN_0015ea3c	15eca8	15ecac	15ecf4	cleanup
15ea3c	FUN_0015ea3c	15ecb4	15f030	-	no-handler
15ea3c	FUN_0015ea3c	15f03c	15f040	15f108	cleanup
15ea3c	FUN_0015ea3c	15f048	15f228	-	no-handler
15ea3c	FUN_0015ea3c	15f234	15f238	15f2a4	cleanup
15ea3c	FUN_0015ea3c	15f248	15f42c	-	no-handler
15f44c	FUN_0015f44c	15f498	15fdd4	-	no-handler
15f44c	FUN_0015f44c	15fdf4	15fdf8	15fe5c	cleanup
15f44c	FUN_0015f44c	15fe10	1602d8	-	no-handler
160eb0	FUN_00160eb0	160ee8	1614e0	-	no-handler
160eb0	FUN_00160eb0	1614fc	161500	161550	cleanup
160eb0	FUN_00160eb0	161510	161568	-	no-handler
160eb0	FUN_00160eb0	161580	161584	1615f8	cleanup
160eb0	FUN_00160eb0	16158c	16162c	-	no-handler
160eb0	FUN_00160eb0	161640	161644	1616c8	cleanup
160eb0	FUN_00160eb0	161650	161714	-	no-handler
1621c8	FUN_001621c8	162200	162b08	-	no-handler
1621c8	FUN_001621c8	162b14	162b18	162b2c	cleanup
1621c8	FUN_001621c8	162b2c	162c88	-	no-handler
165d3c	FUN_00165d3c	165d84	165e68	-	no-handler
165d3c	FUN_00165d3c	165e84	165e88	165f24	cleanup
165d3c	FUN_00165d3c	165ea0	165ea4	-	no-handler
165d3c	FUN_00165d3c	165ec0	165ec4	165f38	cleanup
165d3c	FUN_00165d3c	165f30	165f34	-	no-handler
165d3c	FUN_00165d3c	165f54	165f90	-	no-handler
165fa8	FUN_00165fa8	166038	1661a0	-	no-handler
165fa8	FUN_00165fa8	1661bc	1661c0	166220	cleanup
165fa8	FUN_00165fa8	1661d8	1661dc	-	no-handler
165fa8	FUN_00165fa8	1661f8	1661fc	166238	cleanup
165fa8	FUN_00165fa8	16622c	166230	-	no-handler
165fa8	FUN_00165fa8	166254	166258	-	no-handler
168d80	FUN_00168d80	168dc8	168ed4	-	no-handler
168d80	FUN_00168d80	168ef0	168ef4	168f84	cleanup
168d80	FUN_00168d80	168f0c	169048	-	no-handler
168d80	FUN_00168d80	169064	169068	1690f8	cleanup
168d80	FUN_00168d80	169080	1692b4	-	no-handler
168d80	FUN_00168d80	1692d0	1692d4	169358	cleanup
168d80	FUN_00168d80	169304	169354	-	no-handler
168d80	FUN_00168d80	169374	169378	1693b8	cleanup
168d80	FUN_00168d80	169388	1697e0	-	no-handler
168d80	FUN_00168d80	1697ec	1697f0	1697fc	cleanup
168d80	FUN_00168d80	1697fc	169b24	-	no-handler
169b70	FUN_00169b70	169b8c	169b90	-	no-handler
169b70	FUN_00169b70	169c00	169e0c	169e18	cleanup
169b70	FUN_00169b70	169e18	169e1c	-	no-handler
16a568	FUN_0016a568	16a59c	16a5c4	-	no-handler
16a568	FUN_0016a568	16a610	16a810	16bd48	cleanup
16a568	FUN_0016a568	16a830	16a834	16a874	cleanup
16a568	FUN_0016a568	16a84c	16a850	16bd48	cleanup
16a568	FUN_0016a568	16a86c	16a870	16a890	cleanup
16a568	FUN_0016a568	16a8c8	16b068	16bd48	cleanup
16a568	FUN_0016a568	16b0c4	16b0c8	16b0e8	cleanup
16a568	FUN_0016a568	16b180	16bd44	16bd48	cleanup
16a568	FUN_0016a568	16bd50	16bd54	-	no-handler
16bd70	FUN_0016bd70	16bdb8	16bdbc	-	no-handler
16bd70	FUN_0016bd70	16be30	16c1c4	16c1e4	cleanup
16bd70	FUN_0016bd70	16c1cc	16c1d0	-	no-handler
16bd70	FUN_0016bd70	16c1f8	16c1fc	-	no-handler
16dd04	FUN_0016dd04	16dd3c	16de68	-	no-handler
16dd04	FUN_0016dd04	16de80	16de84	16df58	cleanup
16dd04	FUN_0016dd04	16de8c	16df50	-	no-handler
16dd04	FUN_0016dd04	16df74	16df78	-	no-handler
16f484	?	16f4f0	16f5dc	-	no-handler
16f484	?	16f5f8	16f5fc	16ff24	cleanup
16f484	?	16f618	16f61c	16fefc	cleanup
16f484	?	16f634	16fecc	16fee8	cleanup
16f484	?	16fed4	16fed8	16fefc	cleanup
16f484	?	16fee0	16fee4	16ff24	cleanup
16f484	?	16ff18	16ff1c	-	no-handler
16f484	?	16ff38	16ff3c	-	no-handler
170e6c	FUN_00170e6c	170e84	1712c4	-	no-handler
170e6c	FUN_00170e6c	171334	1716e8	1716ec	cleanup
170e6c	FUN_00170e6c	1716ec	1716f0	-	no-handler
170e6c	FUN_00170e6c	1716f8	1716fc	1716ec	cleanup
171714	FUN_00171714	171750	171778	-	no-handler
171714	FUN_00171714	171794	171798	171808	cleanup
171714	FUN_00171714	1717b0	1717b4	-	no-handler
171714	FUN_00171714	1717d0	1717d4	17182c	cleanup
171714	FUN_00171714	1717ec	1717f0	-	no-handler
171714	FUN_00171714	171800	171804	1718cc	cleanup
171714	FUN_00171714	171864	1718b0	-	no-handler
171714	FUN_00171714	1718e8	171e4c	-	no-handler
171e68	FUN_00171e68	171e88	171e8c	-	no-handler
171e68	FUN_00171e68	171e90	171e94	171f60	cleanup
171e68	FUN_00171e68	171e98	171e9c	171f5c	cleanup
171e68	FUN_00171e68	171ea0	171ea4	171f58	cleanup
171e68	FUN_00171e68	171ea8	171eac	171f54	cleanup
171e68	FUN_00171e68	171ec0	171ec4	171ee4	cleanup
171e68	FUN_00171e68	171edc	171ee0	171f2c	cleanup
171e68	FUN_00171e68	171f24	171f84	171fa0	cleanup
171e68	FUN_00171e68	171fcc	171fd0	-	no-handler
172474	?	1724b4	1724b8	-	no-handler
172474	?	1724cc	1724d0	1724d4	cleanup
172474	?	1724f0	1724fc	-	no-handler
179138	FUN_00179138	179158	1791fc	-	no-handler
179138	FUN_00179138	179210	179214	179228	cleanup
179138	FUN_00179138	179220	179224	-	no-handler
179138	FUN_00179138	179244	1792d4	-	no-handler
17a130	FUN_0017a130	17a174	17a20c	-	no-handler
17a130	FUN_0017a130	17a220	17a224	17a24c	cleanup
17a130	FUN_0017a130	17a228	17a248	-	no-handler
17a130	FUN_0017a130	17a268	17a27c	-	no-handler
17ae28	FUN_0017ae28	17ae74	17ae78	-	no-handler
17ae28	FUN_0017ae28	17ae8c	17ae90	17aed4	cleanup
17ae28	FUN_0017ae28	17ae94	17aec4	-	no-handler
17ae28	FUN_0017ae28	17aef0	17af40	-	no-handler
17bd78	FUN_0017bd78	17bdbc	17bdf8	-	no-handler
17bd78	FUN_0017bd78	17be74	17be78	17befc	cleanup
17bd78	FUN_0017bd78	17be84	17bf50	-	no-handler
17c244	FUN_0017c244	17c278	17c2bc	-	no-handler
17c244	FUN_0017c244	17c330	17c334	17c3a8	cleanup
17c244	FUN_0017c244	17c340	17c3fc	-	no-handler
17ce7c	FUN_0017ce7c	17ceb4	17cecc	-	no-handler
17ce7c	FUN_0017ce7c	17cf2c	17cf30	17cf98	cleanup
17ce7c	FUN_0017ce7c	17cf3c	17d04c	-	no-handler
17d06c	FUN_0017d06c	17d0a4	17d0bc	-	no-handler
17d06c	FUN_0017d06c	17d114	17d118	17d14c	cleanup
17d06c	FUN_0017d06c	17d124	17d164	-	no-handler
17d06c	FUN_0017d06c	17d178	17d17c	17d1e0	cleanup
17d06c	FUN_0017d06c	17d180	17d1d4	-	no-handler
17d06c	FUN_0017d06c	17d1fc	17d24c	-	no-handler
17d26c	FUN_0017d26c	17d29c	17d2b4	-	no-handler
17d26c	FUN_0017d26c	17d30c	17d310	17d330	cleanup
17d26c	FUN_0017d26c	17d31c	17d3d8	-	no-handler
17e02c	FUN_0017e02c	17e068	17e0a4	-	no-handler
17e02c	FUN_0017e02c	17e114	17e118	17e138	cleanup
17e02c	FUN_0017e02c	17e124	17e1f4	-	no-handler
17e3f4	FUN_0017e3f4	17e444	17e518	-	no-handler
17e3f4	FUN_0017e3f4	17e528	17e52c	17e550	cleanup
17e3f4	FUN_0017e3f4	17e538	17e658	-	no-handler
17e7e0	FUN_0017e7e0	17e824	17e8f0	-	no-handler
17e7e0	FUN_0017e7e0	17e900	17e904	17ea3c	cleanup
17e7e0	FUN_0017e7e0	17e914	17ebb0	-	no-handler
17ebb0	FUN_0017ebb0	17ebf8	17ec80	-	no-handler
17ebb0	FUN_0017ebb0	17ec90	17ec94	17ece0	cleanup
17ebb0	FUN_0017ebb0	17eca0	17ecf8	-	no-handler
17ebb0	FUN_0017ebb0	17ed0c	17ed10	17edb0	cleanup
17ebb0	FUN_0017ebb0	17ed14	17eda8	-	no-handler
17ebb0	FUN_0017ebb0	17edcc	17ee68	-	no-handler
17ee68	FUN_0017ee68	17ee9c	17ef6c	-	no-handler
17ee68	FUN_0017ee68	17ef7c	17ef80	17f03c	cleanup
17ee68	FUN_0017ee68	17ef8c	17f1c4	-	no-handler
180830	FUN_00180830	180900	181164	-	no-handler
180830	FUN_00180830	181178	18117c	1811d8	cleanup
180830	FUN_00180830	181194	1811cc	-	no-handler
180830	FUN_00180830	1811f4	1818c0	-	no-handler
181f00	FUN_00181f00	181f40	181f44	-	no-handler
181f00	FUN_00181f00	181f64	181f68	181fdc	cleanup
181f00	FUN_00181f00	181f7c	181f80	-	no-handler
181f00	FUN_00181f00	181f9c	181fa0	182010	cleanup
181f00	FUN_00181f00	181fb4	181fb8	-	no-handler
181f00	FUN_00181f00	181fd4	181fd8	182040	cleanup
181f00	FUN_00181f00	182034	182038	-	no-handler
181f00	FUN_00181f00	18205c	182488	-	no-handler
181f00	FUN_00181f00	1824c8	183a94	183a98	cleanup
181f00	FUN_00181f00	183a98	183a9c	-	no-handler
18401c	FUN_0018401c	184048	184064	-	no-handler
18401c	FUN_0018401c	184088	18408c	1840ac	cleanup
18401c	FUN_0018401c	1840c8	18413c	-	no-handler
18413c	FUN_0018413c	184180	184184	-	no-handler
18413c	FUN_0018413c	1841a4	1841a8	18421c	cleanup
18413c	FUN_0018413c	1841bc	1841c0	-	no-handler
18413c	FUN_0018413c	1841dc	1841e0	184250	cleanup
18413c	FUN_0018413c	1841f4	1841f8	-	no-handler
18413c	FUN_0018413c	184214	184218	184290	cleanup
18413c	FUN_0018413c	184274	184278	-	no-handler
18413c	FUN_0018413c	1842ac	184a74	-	no-handler
184ef0	FUN_00184ef0	184f28	185734	-	no-handler
184ef0	FUN_00184ef0	185740	185744	185878	cleanup
184ef0	FUN_00184ef0	185794	185964	-	no-handler
1859bc	FUN_001859bc	1859dc	185be4	-	no-handler
1859bc	FUN_001859bc	185bf0	185bf4	185c28	cleanup
1859bc	FUN_001859bc	185c28	185d90	-	no-handler
18a440	FUN_0018a440	18a498	18a49c	-	no-handler
18a440	FUN_0018a440	18a4f8	18a4fc	18a528	cleanup
18a440	FUN_0018a440	18a544	18a65c	-	no-handler
18a440	FUN_0018a440	18a668	18a66c	18a68c	cleanup
18a440	FUN_0018a440	18a68c	18acc0	-	no-handler
18dabc	FUN_0018dabc	18daf4	18dc14	-	no-handler
18dabc	FUN_0018dabc	18dc30	18dc34	18e174	cleanup
18dabc	FUN_0018dabc	18dc50	18dc54	18e150	cleanup
18dabc	FUN_0018dabc	18dcd8	18e10c	18e13c	cleanup
18dabc	FUN_0018dabc	18e128	18e12c	18e150	cleanup
18dabc	FUN_0018dabc	18e134	18e138	18e174	cleanup
18dabc	FUN_0018dabc	18e16c	18e170	-	no-handler
18dabc	FUN_0018dabc	18e188	18e18c	-	no-handler
18e1a8	FUN_0018e1a8	18e1e8	18e238	-	no-handler
18e1a8	FUN_0018e1a8	18e254	18e258	18e878	cleanup
18e1a8	FUN_0018e1a8	18e270	18e7e0	18e854	cleanup
18e1a8	FUN_0018e1a8	18e808	18e80c	18e878	cleanup
18e1a8	FUN_0018e1a8	18e834	18e838	18e854	cleanup
18e1a8	FUN_0018e1a8	18e870	18e874	-	no-handler
18e1a8	FUN_0018e1a8	18e88c	18f204	-	no-handler
18e1a8	FUN_0018e1a8	18f214	18f218	18f21c	cleanup
18e1a8	FUN_0018e1a8	18f22c	18f230	18f280	cleanup
18e1a8	FUN_0018e1a8	18f23c	18f3d0	-	no-handler
190990	FUN_00190990	1909d4	190dd4	-	no-handler
190990	FUN_00190990	190de0	190de4	190e78	cleanup
190990	FUN_00190990	190df8	191278	-	no-handler
191e28	FUN_00191e28	191e50	191e54	-	no-handler
191e28	FUN_00191e28	191e88	191e94	191eec	cleanup
191e28	FUN_00191e28	191eb4	191efc	-	no-handler
191efc	FUN_00191efc	191f24	191f28	-	no-handler
191efc	FUN_00191efc	191f98	1920a0	1920bc	cleanup
191efc	FUN_00191efc	1920dc	1920e0	-	no-handler
1920e0	FUN_001920e0	192108	19210c	-	no-handler
1920e0	FUN_001920e0	19217c	192284	1922a0	cleanup
1920e0	FUN_001920e0	1922c0	1922c4	-	no-handler
1922c4	FUN_001922c4	1924c8	1926ac	-	no-handler
1922c4	FUN_001922c4	1926b8	1926bc	19279c	cleanup
1922c4	FUN_001922c4	1926c4	192854	-	no-handler
19286c	FUN_0019286c	1928b0	193228	-	no-handler
19286c	FUN_0019286c	193234	193238	19323c	cleanup
19286c	FUN_0019286c	19323c	193910	-	no-handler
193b3c	FUN_00193b3c	193b64	193b68	-	no-handler
193b3c	FUN_00193b3c	193b80	193b84	193b88	cleanup
193b3c	FUN_00193b3c	193ba4	193ba8	-	no-handler
193c00	FUN_00193c00	193c50	193c54	-	no-handler
193c00	FUN_00193c00	193c6c	193c70	193c74	cleanup
193c00	FUN_00193c00	193c90	193c94	-	no-handler
194aa8	FUN_00194aa8	194ad0	194b28	-	no-handler
194aa8	FUN_00194aa8	194b48	194b4c	194bac	cleanup
194aa8	FUN_00194aa8	194b60	194b64	-	no-handler
194aa8	FUN_00194aa8	194b84	194b88	194bc8	cleanup
194aa8	FUN_00194aa8	194be4	194d00	-	no-handler
194d44	FUN_00194d44	194d6c	194da0	-	no-handler
194d44	FUN_00194d44	194dc4	194dc8	194dfc	cleanup
194d44	FUN_00194d44	194de0	194de4	-	no-handler
194d44	FUN_00194d44	194e18	194e24	-	no-handler
194e44	FUN_00194e44	194e6c	194ec4	-	no-handler
194e44	FUN_00194e44	194ee4	194ee8	194f48	cleanup
194e44	FUN_00194e44	194efc	194f00	-	no-handler
194e44	FUN_00194e44	194f20	194f24	194f64	cleanup
194e44	FUN_00194e44	194f80	19509c	-	no-handler
1950e0	FUN_001950e0	195114	195148	-	no-handler
1950e0	FUN_001950e0	19516c	195170	1951b0	cleanup
1950e0	FUN_001950e0	19518c	195190	-	no-handler
1950e0	FUN_001950e0	1951cc	1952b0	-	no-handler
19b91c	FUN_0019b91c	19b954	19b970	19b998	cleanup
19b91c	FUN_0019b91c	19b9a8	19b9ac	-	no-handler
19b9ac	FUN_0019b9ac	19b9e4	19ba00	19ba28	cleanup
19b9ac	FUN_0019b9ac	19ba38	19ba3c	-	no-handler
19ba3c	FUN_0019ba3c	19ba74	19ba90	19bab0	cleanup
19ba3c	FUN_0019ba3c	19bac0	19bae0	-	no-handler
19d4e8	FUN_0019d4e8	19d518	19d534	-	no-handler
19d4e8	FUN_0019d4e8	19d544	19d548	19d55c	cleanup
19d4e8	FUN_0019d4e8	19d578	19d57c	-	no-handler
19dcb0	FUN_0019dcb0	19dcf0	19dd24	19dd38	cleanup
19dcb0	FUN_0019dcb0	19dd28	19dd2c	-	no-handler
19dcb0	FUN_0019dcb0	19dd48	19dd68	-	no-handler
19dd7c	FUN_0019dd7c	19dd9c	19ddbc	-	no-handler
19dd7c	FUN_0019dd7c	19ddd8	19dddc	19de30	cleanup
19dd7c	FUN_0019dd7c	19ddf0	19ddf4	-	no-handler
19dd7c	FUN_0019dd7c	19de10	19de14	19de30	cleanup
19dd7c	FUN_0019dd7c	19de4c	19de50	-	no-handler
19deb0	FUN_0019deb0	19def0	19df24	19df28	cleanup
19deb0	FUN_0019deb0	19df38	19df54	-	no-handler
19df54	FUN_0019df54	19df94	19dfc8	19dfcc	cleanup
19df54	FUN_0019df54	19dfdc	19dff8	-	no-handler
1a25a8	FUN_001a25a8	1a25d4	1a27c0	-	no-handler
1a25a8	FUN_001a25a8	1a27c8	1a27ec	1a2874	cleanup
1a25a8	FUN_001a25a8	1a2874	1a2878	-	no-handler
