0x97c12dfc	28	eh_pad_97c12dfc	part_000	converted
0x97c12e84	28	eh_pad_97c12e84	part_000	converted
0x97c12f0c	28	eh_pad_97c12f0c	part_000	converted
0x97c12f94	28	eh_pad_97c12f94	part_000	converted
0x97c1301c	28	eh_pad_97c1301c	part_000	converted
0x97c130a4	28	eh_pad_97c130a4	part_000	converted
0x97c1312c	28	eh_pad_97c1312c	part_000	converted
0x97c131b4	28	eh_pad_97c131b4	part_000	converted
0x97c1323c	28	eh_pad_97c1323c	part_000	converted
0x97c13588	84	eh_pad_97c13588	part_000	converted
0x97c13804	4	eh_pad_97c13804	part_000	converted
0x97c13888	4	eh_pad_97c13888	part_000	converted
0x97c146b4	24	eh_pad_97c146b4	part_000	converted
0x97c14bc8	80	eh_pad_97c14bc8	part_000	converted
0x97c1657c	60	eh_pad_97c1657c	part_000	converted
0x97c1659c	48	eh_pad_97c1659c	part_000	converted
0x97c16650	36	eh_pad_97c16650	part_000	converted
0x97c1665c	24	eh_pad_97c1665c	part_000	converted
0x97c16794	48	eh_pad_97c16794	part_000	converted
0x97c16818	48	eh_pad_97c16818	part_000	converted
0x97c16874	48	eh_pad_97c16874	part_000	converted
0x97c16a68	4	eh_pad_97c16a68	part_000	converted
0x97c16aa4	20	eh_pad_97c16aa4	part_000	converted
0x97c16b18	4	eh_pad_97c16b18	part_000	converted
0x97c16b54	20	eh_pad_97c16b54	part_000	converted
0x97c16bc8	4	eh_pad_97c16bc8	part_000	converted
0x97c16c04	20	eh_pad_97c16c04	part_000	converted
0x97c16c78	4	eh_pad_97c16c78	part_000	converted
0x97c16cb4	20	eh_pad_97c16cb4	part_000	converted
0x97c172f8	36	eh_pad_97c172f8	part_000	converted
0x97c17304	24	eh_pad_97c17304	part_000	converted
0x97c17508	60	eh_pad_97c17508	part_000	converted
0x97c17630	60	eh_pad_97c17630	part_000	converted
0x97c17b44	32	eh_pad_97c17b44	part_000	converted
0x97c17b50	20	eh_pad_97c17b50	part_000	converted
0x97c17ba4	40	eh_pad_97c17ba4	part_000	converted
0x97c17e0c	40	eh_pad_97c17e0c	part_000	converted
0x97c19094	48	eh_pad_97c19094	part_000	converted
0x97c190a0	36	eh_pad_97c190a0	part_000	converted
0x97c19e04	8	eh_pad_97c19e04	part_000	converted
0x97c19ee0	44	eh_pad_97c19ee0	part_000	converted
0x97c19eec	32	eh_pad_97c19eec	part_000	converted
0x97c19f54	44	eh_pad_97c19f54	part_000	converted
0x97c19f60	32	eh_pad_97c19f60	part_000	converted
