0x97c12dfc	std::__throw_logic_error
0x97c12e84	std::__throw_domain_error
0x97c12f0c	std::__throw_invalid_argument
0x97c12f94	std::__throw_length_error
0x97c1301c	std::__throw_out_of_range
0x97c130a4	std::__throw_runtime_error
0x97c1312c	std::__throw_range_error
0x97c131b4	std::__throw_overflow_error
0x97c1323c	std::__throw_underflow_error
0x97c13588	std::string::_M_mutate
0x97c13804	std::string::_Rep::_M_grab
0x97c13888	std::string::_Rep::_M_grab
0x97c146b4	std::string::reserve
0x97c14bc8	std::string::append
0x97c1657c	std__string___Rep___S_create
0x97c1659c	std::string::_Rep::_S_create
0x97c16650	std::string::_Rep::_M_destroy
0x97c1665c	std::string::_Rep::_M_destroy
0x97c16794	std::operator+
0x97c16818	std::operator+
0x97c16874	std::operator+
0x97c16a68	std__string___M_replace___gnu_cxx____normal_iterator_char__std__string__
0x97c16aa4	std::string::_M_replace<__gnu_cxx::__normal_iterator<char*,std::string>>
0x97c16b18	std__string___M_replace___gnu_cxx____normal_iterator_char_const__std__string__
0x97c16b54	std::string::_M_replace<__gnu_cxx::__normal_iterator<char_const*,std::string>>
0x97c16bc8	std__string___M_replace_char__
0x97c16c04	std::string::_M_replace<char*>
0x97c16c78	std__string___M_replace_char_const__
0x97c16cb4	std::string::_M_replace<char_const*>
0x97c172f8	operator.new
0x97c17304	operator.new
0x97c17508	std::__default_alloc_template<true,0>::allocate
0x97c17630	std::allocator<char>::allocate
0x97c17b44	operator.new[]
0x97c17b50	operator.new[]
0x97c17ba4	std::logic_error::logic_error
0x97c17e0c	std::runtime_error::runtime_error
0x97c19094	std::set_new_handler
0x97c190a0	std::set_new_handler
0x97c19e04	__cxxabiv1____terminate
0x97c19ee0	std::set_terminate
0x97c19eec	std::set_terminate
0x97c19f54	std::set_unexpected
0x97c19f60	std::set_unexpected
