97c12dfc	97c12e00	std::__throw_logic_error
97c12e84	97c12e88	std::__throw_domain_error
97c12f0c	97c12f10	std::__throw_invalid_argument
97c12f94	97c12f98	std::__throw_length_error
97c1301c	97c13020	std::__throw_out_of_range
97c130a4	97c130a8	std::__throw_runtime_error
97c1312c	97c13130	std::__throw_range_error
97c131b4	97c131b8	std::__throw_overflow_error
97c1323c	97c13240	std::__throw_underflow_error
97c13588	97c1358c	std::string::_M_mutate
97c13804	97c13808	std::string::_Rep::_M_grab
97c13888	97c1388c	std::string::_Rep::_M_grab
97c146b4	97c146b8	std::string::reserve
97c14bc8	97c14bcc	std::string::append
97c1657c	97c1658c	std__string___Rep___S_create
97c1659c	97c165a8	std::string::_Rep::_S_create
97c16650	97c1665c	std::string::_Rep::_M_destroy
97c1665c	97c16674	std::string::_Rep::_M_destroy
97c16794	97c167ac	std::operator+
97c16818	97c16830	std::operator+
97c16874	97c1688c	std::operator+
97c16a68	97c16a6c	std__string___M_replace___gnu_cxx____normal_iterator_char__std__string__
97c16aa4	97c16abc	std::string::_M_replace<__gnu_cxx::__normal_iterator<char*,std::string>>
97c16b18	97c16b1c	std__string___M_replace___gnu_cxx____normal_iterator_char_const__std__string__
97c16b54	97c16b6c	std::string::_M_replace<__gnu_cxx::__normal_iterator<char_const*,std::string>>
97c16bc8	97c16bcc	std__string___M_replace_char__
97c16c04	97c16c1c	std::string::_M_replace<char*>
97c16c78	97c16c7c	std__string___M_replace_char_const__
97c16cb4	97c16ccc	std::string::_M_replace<char_const*>
97c172f8	97c17304	operator.new
97c17304	97c1731c	operator.new
97c17508	97c17520	std::__default_alloc_template<true,0>::allocate
97c17630	97c17648	std::allocator<char>::allocate
97c17b44	97c17b50	operator.new[]
97c17b50	97c17b64	operator.new[]
97c17ba4	97c17bb8	std::logic_error::logic_error
97c17e0c	97c17e20	std::runtime_error::runtime_error
97c19094	97c190a0	std::set_new_handler
97c190a0	97c190c4	std::set_new_handler
97c19e04	97c19e0c	__cxxabiv1____terminate
97c19ee0	97c19eec	std::set_terminate
97c19eec	97c19f0c	std::set_terminate
97c19f54	97c19f60	std::set_unexpected
97c19f60	97c19f80	std::set_unexpected
