97b82074	97b82078
97b85cd8	97b85cdc
97b87cdc	97b87ce0
97b8892c	97b88930
97b889a4	97b889a8
97b88a8c	97b88a90
97b89f00	97b89f04
97b8acb0	97b8acb4
97b8db08	97b8db14
97b8db14	97b8db20
97b8db20	97b8db2c
97b8db2c	97b8db38
97b8f09c	97b8f0a8
97b8f0a8	97b8f0b4
97b8f0b4	97b8f0c0
97b8f0c0	97b8f0cc
97b90e18	97b90e24
97b90e24	97b90e30
97b90e30	97b90e3c
97b90e3c	97b90e48
97b91184	97b91190
97b91190	97b9119c
97b9119c	97b911a8
97b911a8	97b911b4
97b91ad4	97b91ae0
97b91ae0	97b91aec
97b91aec	97b91af8
97b91af8	97b91b04
97b91e08	97b91e14
97b91e14	97b91e20
97b91e20	97b91e2c
97b91e2c	97b91e38
97b91f98	97b91fa4
97b91fa4	97b91fb0
97b91fb0	97b91fbc
97b91fbc	97b91fc8
97b92124	97b92130
97b92130	97b9213c
97b9213c	97b92148
97b92148	97b92154
97b922ac	97b922b8
97b922b8	97b922c4
97b922c4	97b922d0
97b922d0	97b922dc
97b9275c	97b92768
97b92768	97b92774
97b92774	97b92780
97b92780	97b9278c
97b928a8	97b928b4
97b928b4	97b928c0
97b928c0	97b928cc
97b928cc	97b928d8
97b92d54	97b92d60
97b92d60	97b92d6c
97b92d6c	97b92d78
97b92d78	97b92d84
97b92f28	97b92f34
97b92f34	97b92f40
97b92f40	97b92f4c
97b92f4c	97b92f58
97b930f0	97b930fc
97b930fc	97b93108
97b93108	97b93114
97b93114	97b93120
97b9323c	97b93248
97b93248	97b93254
97b93254	97b93260
97b93260	97b9326c
97b93534	97b93540
97b93540	97b9354c
97b9354c	97b93558
97b93558	97b93564
97b9371c	97b93728
97b93728	97b93734
97b93734	97b93740
97b93740	97b9374c
97b93a8c	97b93a98
97b93a98	97b93aa4
97b93aa4	97b93ab0
97b93ab0	97b93abc
97b93ef0	97b93efc
97b93efc	97b93f08
97b93f08	97b93f14
97b93f14	97b93f20
97b9435c	97b94368
97b94368	97b94374
97b94374	97b94380
97b94380	97b9438c
97b94580	97b9458c
97b9458c	97b94598
97b94598	97b945a4
97b945a4	97b945b0
97b949b0	97b949bc
97b949bc	97b949c8
97b949c8	97b949d4
97b949d4	97b949e0
97b94de4	97b94df0
97b94df0	97b94dfc
97b94dfc	97b94e08
97b94e08	97b94e14
97b95450	97b9545c
97b9545c	97b95468
97b95468	97b95474
97b95474	97b95480
97b95ab0	97b95abc
97b95abc	97b95ac8
97b95ac8	97b95ad4
97b95ad4	97b95ae0
97b9630c	97b96318
97b96318	97b96324
97b96324	97b96330
97b96330	97b9633c
97b97320	97b9732c
97b9732c	97b97338
97b97338	97b97344
97b97344	97b97350
97b978e0	97b978ec
97b978ec	97b978f8
97b978f8	97b97904
97b97904	97b97910
97b98604	97b98610
97b98610	97b9861c
97b9861c	97b98628
97b98628	97b98634
97b98874	97b98880
97b98880	97b9888c
97b9888c	97b98898
97b98898	97b988a4
97b98cd4	97b98ce0
97b98ce0	97b98cec
97b98cec	97b98cf8
97b98cf8	97b98d04
97b98f14	97b98f20
97b98f20	97b98f2c
97b98f2c	97b98f38
97b98f38	97b98f44
97b99498	97b994a4
97b994a4	97b994b0
97b994b0	97b994bc
97b994bc	97b994c8
97b9cde8	97b9cdf4
97b9cdf4	97b9ce00
97b9ce00	97b9ce0c
97b9ce0c	97b9ce18
97b9d6dc	97b9d6e8
97b9d6e8	97b9d6f4
97b9d6f4	97b9d700
97b9d700	97b9d70c
97b9f1e4	97b9f1f0
97b9f1f0	97b9f1fc
97b9f1fc	97b9f208
97b9f208	97b9f214
97ba09a0	97ba09a4
97ba0d88	97ba0d94
97ba0d94	97ba0da0
97ba0da0	97ba0dac
97ba0dac	97ba0db8
97ba0ec4	97ba0ed0
97ba0ed0	97ba0edc
97ba0edc	97ba0ee8
97ba0ee8	97ba0ef4
97ba1bb8	97ba1bc4
97ba1bc4	97ba1bd0
97ba1bd0	97ba1bdc
97ba1bdc	97ba1be8
97baf1e0	97baf1ec
97baf1ec	97baf1f8
97baf1f8	97baf204
97baf204	97baf210
97bb2134	97bb2140
97bb2140	97bb214c
97bb214c	97bb2158
97bb2158	97bb2164
97bb22bc	97bb22c8
97bb22c8	97bb22d4
97bb22d4	97bb22e0
97bb22e0	97bb22ec
97bb283c	97bb2848
97bb2848	97bb2854
97bb2854	97bb2860
97bb2860	97bb286c
97bb2a44	97bb2a50
97bb2a50	97bb2a5c
97bb2a5c	97bb2a68
97bb2a68	97bb2a74
97bb2c90	97bb2c9c
97bb2c9c	97bb2ca8
97bb2ca8	97bb2cb4
97bb2cb4	97bb2cc0
97bb333c	97bb3348
97bb3348	97bb3354
97bb3354	97bb3360
97bb3360	97bb336c
97bb35b4	97bb35c0
97bb35c0	97bb35cc
97bb35cc	97bb35d8
97bb35d8	97bb35e4
97bb372c	97bb3738
97bb3738	97bb3744
97bb3744	97bb3750
97bb3750	97bb375c
97bb3c88	97bb3c94
97bb3c94	97bb3ca0
97bb3ca0	97bb3cac
97bb3cac	97bb3cb8
97bb446c	97bb4478
97bb4478	97bb4484
97bb4484	97bb4490
97bb4490	97bb449c
97bb4c38	97bb4c44
97bb4c44	97bb4c50
97bb4c50	97bb4c5c
97bb4c5c	97bb4c68
97bb4cf4	97bb4d00
97bb4d00	97bb4d0c
97bb4d0c	97bb4d18
97bb4d18	97bb4d24
97bb4e5c	97bb4e68
97bb4e68	97bb4e74
97bb4e74	97bb4e80
97bb4e80	97bb4e8c
97bb4f4c	97bb4f58
97bb4f58	97bb4f64
97bb4f64	97bb4f70
97bb4f70	97bb4f7c
97bb504c	97bb5058
97bb5058	97bb5064
97bb5064	97bb5070
97bb5070	97bb507c
97bb55a0	97bb55ac
97bb55ac	97bb55b8
97bb55b8	97bb55c4
97bb55c4	97bb55d0
97bb58c0	97bb58cc
97bb58cc	97bb58d8
97bb58d8	97bb58e4
97bb58e4	97bb58f0
97bb66c4	97bb66d0
97bb66d0	97bb66dc
97bb66dc	97bb66e8
97bb66e8	97bb66f4
97bb690c	97bb6918
97bb6918	97bb6924
97bb6924	97bb6930
97bb6930	97bb693c
97bb6aac	97bb6ab8
97bb6ab8	97bb6ac4
97bb6ac4	97bb6ad0
97bb6ad0	97bb6adc
97bb6eb8	97bb6ec4
97bb6ec4	97bb6ed0
97bb6ed0	97bb6edc
97bb6edc	97bb6ee8
97bb6ff0	97bb6ffc
97bb6ffc	97bb7008
97bb7008	97bb7014
97bb7014	97bb7020
97bb7158	97bb7164
97bb7164	97bb7170
97bb7170	97bb717c
97bb717c	97bb7188
97bb7204	97bb7210
97bb7210	97bb721c
97bb721c	97bb7228
97bb7228	97bb7234
97bb7418	97bb7424
97bb7424	97bb7430
97bb7430	97bb743c
97bb743c	97bb7448
97bb7784	97bb7790
97bb7790	97bb779c
97bb779c	97bb77a8
97bb77a8	97bb77b4
97bb7a70	97bb7a7c
97bb7a7c	97bb7a88
97bb7a88	97bb7a94
97bb7a94	97bb7aa0
97bb7cf4	97bb7d00
97bb7d00	97bb7d0c
97bb7d0c	97bb7d18
97bb7d18	97bb7d24
97bb7e94	97bb7ea0
97bb7ea0	97bb7eac
97bb7eac	97bb7eb8
97bb7eb8	97bb7ec4
97bb89c8	97bb89d4
97bb89d4	97bb89e0
97bb89e0	97bb89ec
97bb89ec	97bb89f8
97bb8afc	97bb8b08
97bb8b08	97bb8b14
97bb8b14	97bb8b20
97bb8b20	97bb8b2c
97bb8be0	97bb8bec
97bb8bec	97bb8bf8
97bb8bf8	97bb8c04
97bb8c04	97bb8c10
97bb8cc4	97bb8cd0
97bb8cd0	97bb8cdc
97bb8cdc	97bb8ce8
97bb8ce8	97bb8cf4
97bb8da8	97bb8db4
97bb8db4	97bb8dc0
97bb8dc0	97bb8dcc
97bb8dcc	97bb8dd8
97bb8e8c	97bb8e98
97bb8e98	97bb8ea4
97bb8ea4	97bb8eb0
97bb8eb0	97bb8ebc
97bb8f90	97bb8f9c
97bb8f9c	97bb8fa8
97bb8fa8	97bb8fb4
97bb8fb4	97bb8fc0
97bd35f8	97bd35fc
97bd58b8	97bd58bc
97bd63b0	97bd63b4
97bd6400	97bd6404
97be1c04	97be1c08
97be2c54	97be2c58
97be4084	97be4088
97be43b8	97be43bc
97be56fc	97be5700
97c0b4a4	97c0b4ac
97c19134	97c1913c
97c19cfc	97c19d00
97c1a224	97c1a23c
97c1a274	97c1a28c
97c1c838	97c1c83c
97b8db38	97b8dc14
97b8f0cc	97b8f1a4
97b90e48	97b90f10
97b911b4	97b9128c
97b91b04	97b91b8c
97b91e38	97b91f1c
97b91fc8	97b920a8
97b92154	97b92238
97b922dc	97b923bc
97b9278c	97b92830
97b928d8	97b9297c
97b92d84	97b92dd4
97b92f58	97b92fa8
97b93120	97b93170
97b9326c	97b93314
97b93564	97b9363c
97b9374c	97b93824
97b93abc	97b93b40
97b93f20	97b93fc0
97b9438c	97b943d4
97b945b0	97b94650
97b949e0	97b94ac4
97b94e14	97b94ef4
97b95480	97b95544
97b95ae0	97b95bb4
97b9633c	97b9641c
97b97350	97b9737c
97b97910	97b979e0
97b98634	97b986fc
97b988a4	97b98984
97b98d04	97b98dd8
97b98f44	97b99028
97b994c8	97b995a0
97b9ce18	97b9cef0
97b9d70c	97b9d884
97b9f214	97b9f2f8
97ba0db8	97ba0e18
97ba0ef4	97ba0fd8
97ba1be8	97ba1c18
97baf210	97baf2e4
97bb2164	97bb2194
97bb22ec	97bb231c
97bb286c	97bb28a0
97bb2a74	97bb2ab0
97bb2cc0	97bb2cf8
97bb336c	97bb33a4
97bb35e4	97bb3618
97bb375c	97bb3790
97bb3cb8	97bb3cec
97bb449c	97bb44d0
97bb4c68	97bb4ca0
97bb4d24	97bb4d50
97bb4e8c	97bb4ec4
97bb4f7c	97bb4fb0
97bb507c	97bb50c4
97bb55d0	97bb560c
97bb58f0	97bb592c
97bb66f4	97bb6720
97bb693c	97bb6970
97bb6adc	97bb6b14
97bb6ee8	97bb6f20
97bb7020	97bb7058
97bb7188	97bb71b8
97bb7234	97bb7264
97bb7448	97bb7480
97bb77b4	97bb77f4
97bb7aa0	97bb7ad8
97bb7d24	97bb7d54
97bb7ec4	97bb7efc
97bb89f8	97bb8a30
97bb8b2c	97bb8b64
97bb8c10	97bb8c48
97bb8cf4	97bb8d2c
97bb8dd8	97bb8e10
97bb8ebc	97bb8ef4
97bb8fc0	97bb8ff8
97be6e34	97be6e6c
