00000000	8	MISSING	IOATIR500Accelerator::ASICSupportsAGP()
00000370	368	MISSING	IOATIR500Accelerator::display_change_handler(OSObject*, void*, IOFramebuffer*, long, void*)
00000550	476	MISSING	IOATIR500Accelerator::foundFramebuffer(IOFramebuffer*)
00000770	544	MISSING	IOATIR500Accelerator::findFramebuffers()
000009f0	168	MISSING	IOATIR500Accelerator::serializePerformanceStats(void*, void*, OSSerialize*)
00000ac0	5176	MISSING	IOATIR500Accelerator::writePerformanceStats(OSDictionary*)
00001fd0	144	MISSING	IOATIR500Accelerator::freeAllCommandBuffers(unsigned long)
00002310	36	MISSING	IOATIR500Accelerator::teardown2D()
000025d0	40	MISSING	IOATIR500Accelerator::setup2D()
00002650	2456	MISSING	IOATIR500Accelerator::start(IOService*)
00003410	112	MISSING	IOATIR500Accelerator::freeAllDataBuffers()
000034a0	4	MISSING	IOATIR500Accelerator::pageoff_dirty_texture(VendorTextureBuffer*, long, long)
00003670	8	MISSING	IOATIR500Accelerator::makeGARTEntry(unsigned long)
00004a50	64	MISSING	IOATIR500Accelerator::garbage_collector_timer(OSObject*, IOTimerEventSource*)
00004a90	516	MISSING	IOATIR500Accelerator::free_gart_wirings()
00004ce0	64	MISSING	IOATIR500Accelerator::gart_collector_timer(OSObject*, IOTimerEventSource*)
00004f20	148	MISSING	IOATIR500Accelerator::mapVendorTransferBuffer(VendorTransferBuffer*)
00004fe0	144	MISSING	IOATIR500Accelerator::unmapVendorTransferBuffer(VendorTransferBuffer*)
00005090	188	MISSING	IOATIR500Accelerator::teardownAGP(IOService*)
00005160	48	MISSING	IOATIR500Accelerator::commitAGPMemory(IOMemoryDescriptor*, unsigned long, unsigned long)
00005190	48	MISSING	IOATIR500Accelerator::releaseAGPMemory(IOMemoryDescriptor*, unsigned long, unsigned long)
000051c0	60	MISSING	IOATIR500Accelerator::reserveInGART(unsigned long)
00005200	32	MISSING	IOATIR500Accelerator::clearInGART(unsigned long)
00005270	356	MISSING	IOATIR500Accelerator::removeFromGART(IOMemoryDescriptor*, unsigned long)
000053e0	4	MISSING	IOATIR500Accelerator::synchronizeGART(unsigned long, unsigned long)
000053f0	4	MISSING	IOATIR500Accelerator::flush_memory_for_out(IOMemoryDescriptor*, unsigned long, unsigned long)
00005400	4	MISSING	IOATIR500Accelerator::flush_memory_for_in(IOMemoryDescriptor*, unsigned long, unsigned long)
00005410	52	MISSING	IOATIR500Accelerator::is_idle()
00005450	12	MISSING	IOATIR500Accelerator::set_stereo(unsigned long, unsigned long)
00005710	320	MISSING	IOATIR500Accelerator::disp_mode_did_change()
00005890	148	MISSING	IOATIR500Accelerator::teardown3D()
00005960	84	MISSING	IOATIR500Accelerator::system_did_wake()
00005a10	8	MISSING	IOATIR500Accelerator::getAccelCapsBits()
00005b80	1048	MISSING	IOATIR500Accelerator::configureAGP(IOService*)
00005fe0	636	MISSING	IOATIR500Accelerator::addToMinMaxGART(IOMemoryDescriptor*, unsigned long*, unsigned long, unsigned long)
00006270	80	MISSING	IOATIR500Accelerator::flush_memory_for_in(void const*, unsigned long)
000062c0	96	MISSING	IOATIR500Accelerator::flush_memory_for_out(void const*, unsigned long)
00006320	88	MISSING	IOATIR500Accelerator::requestProbe(unsigned long)
000063b0	84	MISSING	IOATIR500Accelerator::garbage_collector(OSObject*, IOInterruptEventSource*, int)
00006440	188	MISSING	IOATIR500Accelerator::gart_collector(OSObject*, IOInterruptEventSource*, int)
00006540	84	MISSING	IOATIR500Accelerator::system_will_sleep()
000065c0	840	MISSING	IOATIR500Accelerator::stop(IOService*)
00006ad0	636	MISSING	IOATIR500Accelerator::disp_mode_will_change(long)
00007130	116	MISSING	IOATIR500GLContext::clientClose()
000079c0	12	MISSING	IOATIR500GLContext::remove_surface()
00007b70	36	MISSING	IOATIR500GLContext::setCompatibleSurfaceMode(long*, eIOGLContextModeBits, long)
00007e60	4	MISSING	IOATIR500GLContext::set_texture_flags(VendorTextureBuffer*)
000083b0	4	MISSING	IOATIR500GLContext::add_vendor_surface_required_bits(eIOGLContextModeBits)
000087b0	864	SIG?	IOATIR500GLContext::set_surface(unsigned long, eIOGLContextModeBits, unsigned long, unsigned long)
00009740	224	SIG?	IOATIR500GLContext::page_off_texture(unsigned long, unsigned long, unsigned int, unsigned int)
00009a30	1724	SIG?	IOATIR500GLContext::get_data_buffer(unsigned int*, unsigned long*)
0000b7f0	476	MISSING	IOATIR5002DContext::stop(IOService*)
0000ba30	116	MISSING	IOATIR5002DContext::clientClose()
0000bab0	64	MISSING	IOATIR5002DContext::init_command_buffer_header(VendorCommandBufferHeader*, unsigned long, unsigned long)
0000bb30	12	MISSING	IOATIR5002DContext::remove_surface()
0000c0a0	488	MISSING	IOATIR5002DContext::start(IOService*)
0000c2c0	12	SIG?	IOATIR5002DContext::set_surface_paging_options(IOSurfacePagingControlInfoStruct*, IOSurfacePagingControlInfoStruct*, unsigned long, unsigned long*)
0000c2d0	12	SIG?	IOATIR5002DContext::set_surface_vsync_options(IOSurfaceVsyncControlInfoStruct*, IOSurfaceVsyncControlInfoStruct*, unsigned long, unsigned long*)
0000c2e0	236	MISSING	IOATIR5002DContext::set_macrovision(unsigned long)
0000c570	596	MISSING	IOATIR5002DContext::set_surface(unsigned long, eIOContextModeBits, void*, unsigned long*)
0000c850	212	MISSING	IOATIR5002DContext::get_surface_info(unsigned long, eIOContextModeBits, void*, unsigned long*)
0000c960	432	MISSING	IOATIR5002DContext::swap_surface(unsigned long, unsigned long*)
0000cc80	576	MISSING	IOATIR5002DContext::lock_memory(unsigned long, unsigned int*, unsigned long*)
0000cf30	176	MISSING	IOATIR5002DContext::unlock_memory(unsigned long, unsigned long*)
0000d020	196	SIG?	IOATIR5002DContext::declare_image(unsigned long, unsigned int, unsigned long, unsigned int*)
0000d130	216	SIG?	IOATIR5002DContext::create_image(unsigned long, unsigned long, unsigned int*, unsigned int*)
0000d260	368	MISSING	IOATIR5002DContext::create_transfer(unsigned long, unsigned long, unsigned int*, unsigned int*)
0000d6f0	2080	MISSING	IOATIR5002DContext::clientMemoryForType(unsigned long, unsigned long*, IOMemoryDescriptor**)
0000e3a0	680	MISSING	IOATIR500DVDContext::stop(IOService*)
0000e6d0	116	MISSING	IOATIR500DVDContext::clientClose()
0000e780	72	MISSING	IOATIR500DVDContext::init_command_buffer_header(VendorCommandBufferHeader*, unsigned long, unsigned long)
0000e810	12	MISSING	IOATIR500DVDContext::remove_surface()
0000e970	8	MISSING	IOATIR500DVDContext::setCompatibleSurfaceMode(long*, eIODVDContextModeBits)
0000ec60	464	MISSING	IOATIR500DVDContext::start(IOService*)
0000f0c0	2152	MISSING	IOATIR500DVDContext::clientMemoryForType(unsigned long, unsigned long*, IOMemoryDescriptor**)
0000fa40	552	SIG?	IOATIR500DVDContext::set_surface(unsigned long, eIODVDContextModeBits, int)
0000fd00	424	MISSING	IOATIR500DVDContext::lock_all_buffers(unsigned long, sIODVDContextLockBufferData*)
0000ffe0	940	SIG?	IOATIR500DVDContext::write_buffer(sIODVDContextWriteBufferData*, unsigned long)
000103e0	196	SIG?	IOATIR500DVDContext::declare_image(unsigned long, unsigned int, unsigned long, unsigned int*)
00010a50	88	MISSING	IOATIR500Surface::free()
00010ac0	116	MISSING	IOATIR500Surface::clientClose()
00010ba0	32	MISSING	IOATIR500Surface::add_2d_context_to_list(IOATIR5002DContext*)
00010f30	100	SIG?	IOATIR500Surface::get_state(eIOAccelSurfaceStateBits*)
00011100	16	MISSING	IOATIR500Surface::set_access()
00011840	108	MISSING	IOATIR500Surface::sleep_blocked()
00012110	484	SIG?	IOATIR500Surface::alloc_surfaces_pageq(unsigned long, unsigned long, bool)
00012470	40	MISSING	IOATIR500Surface::alloc_surfaces(unsigned long, bool)
00012800	220	SIG?	IOATIR500Surface::connect_buffer_backing_store(ATIR500SurfaceBuffer*, unsigned int, unsigned long)
00012900	216	MISSING	IOATIR500Surface::alloc_buffer_backing_store(ATIR500SurfaceBuffer*)
000131b0	64	MISSING	IOATIR500Surface::move_buffer_from_backing_store(ATIR500SurfaceBuffer*)
00013210	272	MISSING	IOATIR500Surface::alloc_surface_keep(IOATIR500Surface*, VendorTextureBuffer**, long, unsigned long)
00013360	280	MISSING	IOATIR500Surface::alloc_surface(unsigned long, bool)
000134b0	960	MISSING	IOATIR500Surface::stop(IOService*)
00013900	196	MISSING	IOATIR500Surface::setupFullScreen()
00013e30	100	MISSING	IOATIR500Surface::remove_2d_context_from_list(IOATIR5002DContext*)
00013f50	8	MISSING	IOATIR500Surface::surface_req_bits()
00014010	64	MISSING	IOATIR500Surface::buffer_map_offset(ATIR500SurfaceBuffer*, unsigned long, unsigned long, long*, long*, long*)
000141b0	188	MISSING	IOATIR500Surface::clientMemoryForType(unsigned long, unsigned long*, IOMemoryDescriptor**)
000142b0	1284	SIG?	IOATIR500Surface::set_id_mode(unsigned long, eIOSurfaceModeBits)
00014860	348	SIG?	IOATIR500Surface::alloc_surfaces_retry(unsigned long, eLockType)
00014f60	260	SIG?	IOATIR500Surface::surface_unlock_options(eLockType, unsigned long)
000152d0	1416	SIG?	IOATIR500Surface::set_shape_backing_length_ext(eIOAccelSurfaceShapeBits, unsigned long, unsigned int, unsigned long, IOAccelDeviceRegion*, unsigned long, unsigned long)
000158f0	80	SIG?	IOATIR500Surface::set_shape_backing_length(eIOAccelSurfaceShapeBits, unsigned long, unsigned int, unsigned long, unsigned long, IOAccelDeviceRegion*)
00015960	36	SIG?	IOATIR500Surface::set_shape_backing(eIOAccelSurfaceShapeBits, unsigned long, unsigned int, unsigned long, IOAccelDeviceRegion*, unsigned long)
000159a0	52	SIG?	IOATIR500Surface::set_shape(eIOAccelSurfaceShapeBits, unsigned long, IOAccelDeviceRegion*, unsigned long)
00015b70	272	SIG?	IOATIR500Surface::set_volatile_state(eSurfaceVolatileState)
00015cb0	84	SIG?	IOATIR500Surface::surface_control(unsigned long, unsigned long, unsigned long*)
00015d30	1636	SIG?	IOATIR500Surface::surface_lock_options(eLockType, unsigned long, IOAccelSurfaceData*, unsigned long)
00016d50	704	SIG?	IOATIR500Shared::alloc_client_shared(unsigned long, sIOClientShared**, unsigned int*)
00017150	856	SIG?	IOATIR500Shared::new_agp_texture(unsigned int, unsigned long, unsigned int*)
00017520	432	SIG?	IOATIR500Shared::new_surface_texture(unsigned long, unsigned long, unsigned long, unsigned int*)
00017740	456	SIG?	IOATIR500Shared::new_global_texture(unsigned long, unsigned int*)
00017df0	504	SIG?	IOATIR500Shared::new_agpref_texture(unsigned int, unsigned int, unsigned long, unsigned int*)
00018060	924	SIG?	IOATIR500Shared::new_texture(unsigned long, unsigned long, unsigned int, unsigned long, unsigned int*, unsigned int*)
00019ad0	8	MISSING	IOATIR500Accelerator::ASICSupportsAGP()
00019ea0	108	MISSING	ATIRadeonX1000::getPeriodValue(char*)
00019fa0	44	MISSING	ATIRadeonX1000::free()
0001a040	200	MISSING	ATIRadeonX1000::callPlatformFunction(OSSymbol const*, bool, void*, void*, void*, void*)
0001a300	156	MISSING	ATIRadeonX1000::writePerformanceStats(OSDictionary*)
0001a3c0	44	MISSING	ATIRadeonX1000::configureAGP(IOService*)
0001a3f0	44	MISSING	ATIRadeonX1000::teardownAGP(IOService*)
0001a420	44	MISSING	ATIRadeonX1000::commitAGPMemory(IOMemoryDescriptor*, unsigned long, unsigned long)
0001a450	44	MISSING	ATIRadeonX1000::releaseAGPMemory(IOMemoryDescriptor*, unsigned long, unsigned long)
0001a4b0	20	MISSING	ATIRadeonX1000::makeGARTEntry(unsigned long)
0001a5c0	44	MISSING	ATIRadeonX1000::mapVendorTransferBuffer(VendorTransferBuffer*)
0001a5f0	44	MISSING	ATIRadeonX1000::unmapVendorTransferBuffer(VendorTransferBuffer*)
0001a9c0	4	MISSING	ATIRadeonX1000::pageOffPCIeGART()
0001a9d0	36	MISSING	ATIRadeonX1000::SWDSIsRequired()
0001aa00	168	MISSING	ATIRadeonX1000::SWDSEnableCLUT(unsigned long)
0001ab60	36	MISSING	ATIRadeonX1000::tmpTotalVRAM()
0001b300	8	MISSING	ATIRadeonX1000::getAccelCapsBits()
0001b470	136	MISSING	DumpPCIeGART(unsigned long*, unsigned long, unsigned long)
0001b540	344	MISSING	ATIRadeonX1000::removeFromPCIeGART(IOMemoryDescriptor*, unsigned long)
0001b6a0	32	MISSING	ATIRadeonX1000::removeFromGART(IOMemoryDescriptor*, unsigned long)
0001b6d0	252	MISSING	ATIRadeonX1000::reserveInGART(unsigned long)
0001b7f0	172	MISSING	ATIRadeonX1000::clearInGART(unsigned long)
0001b8a0	992	MISSING	dump_registers(ATIRadeonX1000*)
0001bd20	988	MISSING	ATIRadeonX1000::setupR520Pipes()
0001c120	2384	MISSING	ATIRadeonX1000::set_display_mode_and_vram()
0001cb00	524	MISSING	ATIRadeonX1000::stop_promo4_engine()
0001cd30	88	MISSING	ATIRadeonX1000::load_promo4_micro_code()
0001cd90	428	MISSING	ATIRadeonX1000::start_promo4_engine(unsigned long)
0001cf70	928	MISSING	ATIRadeonX1000::setup_R500_internal_space()
0001d350	284	MISSING	ATIRadeonX1000::SWDSShutdown()
0001d830	920	MISSING	ATIRadeonX1000::startupPCIeGART()
0001dc10	164	MISSING	ATIRadeonX1000::shutdownPCIeGART()
0001dcd0	168	MISSING	ATIRadeonX1000::pageOnPCIeGART()
0001dd80	576	MISSING	ATIRadeonX1000::addToPCIeGART(IOMemoryDescriptor*, unsigned long*, unsigned long, unsigned long)
0001dfd0	32	MISSING	ATIRadeonX1000::addToMinMaxGART(IOMemoryDescriptor*, unsigned long*, unsigned long, unsigned long)
0001e000	40	MISSING	ATIRadeonX1000::noop_buffer(unsigned long*)
0001e030	48	MISSING	ATIRadeonX1000::checkForConsumedIDCTTimeStamp(unsigned long)
0001e060	48	MISSING	ATIRadeonX1000::checkForRetiredTimeStamp(unsigned long)
0001e090	48	MISSING	ATIRadeonX1000::checkForTimeStamp(unsigned long)
0001e0c0	56	MISSING	ATIRadeonX1000::initialize_GUI()
0001e100	232	MISSING	ATIRadeonX1000::GPUSensorFunc(OSObject*, IOTimerEventSource*)
0001e210	204	MISSING	ATIRadeonX1000::system_did_change_speed()
0001f1e0	376	MISSING	ATIRadeonX1000::system_will_change_speed()
0001f3c0	764	MISSING	ATIRadeonX1000::initialize_hardware()
0001f750	3692	MISSING	ATIRadeonX1000::start(IOService*)
00020700	572	MISSING	ATIRadeonX1000::submit_buffer_retired(unsigned long*, unsigned long, unsigned long)
00020ce0	56	MISSING	ATIRadeonX1000::submit_commands(VendorCommandDescriptor*)
00021e30	5260	MISSING	pcl_CopyPix(unsigned long*, pcl_ParamsR500_t*, bool, bool)
00023320	4040	MISSING	ATIRadeonX1000::SWDSWriteBlitToCmdBuf(unsigned long*, unsigned long, bool, unsigned long)
00024340	708	MISSING	ATIRadeonX1000::SWDSFunc(OSObject*, IOTimerEventSource*)
00024670	1884	MISSING	ATIRadeonX1000::SWDSInit()
00024e40	376	MISSING	ATIRadeonX1000::display_mode_did_change()
00025080	268	MISSING	ATIRadeonX1000::waitForRetiredTimeStamp(unsigned long)
00025360	304	MISSING	ATIRadeonX1000::waitForTimeStampNoLock(unsigned long)
00025660	304	MISSING	ATIRadeonX1000::sleepForConsumedIDCTTimeStamp(unsigned long)
000257e0	304	MISSING	ATIRadeonX1000::sleepForRetiredTimeStamp(unsigned long)
00025ae0	304	MISSING	ATIRadeonX1000::sleepForTimeStampNoLock(unsigned long)
00025c60	368	MISSING	ATIRadeonX1000::start_xdct_engine()
00025df0	236	MISSING	ATIRadeonX1000::stop_xdct_engine()
00025f00	640	MISSING	ATIRadeonX1000::display_mode_will_change(long)
00026250	1620	MISSING	ATIRadeonX1000::stop(IOService*)
00026fd0	48	MISSING	ATIR500GLContext::set_texture_flags(VendorTextureBuffer*)
00027000	152	MISSING	ATIR500GLContext::clientMemoryForType(unsigned long, unsigned long*, IOMemoryDescriptor**)
000270a0	324	MISSING	ATIR500GLContext::setCompatibleSurfaceMode(long*, eIOGLContextModeBits, long)
00027fd0	196	MISSING	ATIR500GLContext::update_surface()
00031990	64	MISSING	ATIR5002DContext::getTargetAndMethodForIndex(IOService**, unsigned long)
000319d0	308	MISSING	ATIR5002DContext::get_buffer_info(IOATIR500Surface*, unsigned long, void*, unsigned long*)
00031b10	68	MISSING	ATIR5002DContext::set_destination(void*, unsigned long*)
00031b60	4	MISSING	ATIR5002DContext::load_image(VendorTextureBuffer*)
00031d10	20	MISSING	ATIR5002DContext::invalidate()
00031e90	1780	MISSING	ATIR5002DContext::submit_context_buffer()
00033510	168	MISSING	ATIR5002DContext::start(IOService*)
000335e0	88	MISSING	ATIR5002DContext::stop(IOService*)
00033bf0	64	MISSING	ATIR500DVDContext::getTargetAndMethodForIndex(IOService**, unsigned long)
00033c30	916	MISSING	ATIR500DVDContext::discard_command_buffer()
00034020	56	MISSING	ATIR500DVDContext::build_scissor()
00034060	44	MISSING	ATIR500DVDContext::update_surface()
000340a0	88	MISSING	ATIR500DVDContext::finish()
00034100	20	MISSING	ATIR500DVDContext::invalidate()
00034440	1000	MISSING	ATIR500DVDContext::submit_context_buffer()
00034860	508	MISSING	ATIR500DVDContext::start(IOService*)
00034ac0	196	MISSING	ATIR500DVDContext::stop(IOService*)
00034bd0	144	SIG?	ATIR500DVDContext::show_buffer(int, int)
00034c90	144	SIG?	ATIR500DVDContext::dvd_enable_deint(int)
00034d50	208	SIG?	ATIR500DVDContext::dvd_setup_overlay(int, int, int, int, int)
00034e50	176	SIG?	ATIR500DVDContext::dvd_setup_subpicture(int, int, int, int)
00034f30	160	SIG?	ATIR500DVDContext::dvd_enable_overlay(int)
00035010	208	SIG?	ATIR500DVDContext::set_macrovision(unsigned long, unsigned long)
000352a0	612	MISSING	ATIR500DVDContext::clientMemoryForType(unsigned long, unsigned long*, IOMemoryDescriptor**)
00035540	560	SIG?	ATIR500DVDContext::doIDCT(sATIDVDIDCTInfo*, unsigned long)
000391f0	4	MISSING	ATIR500Surface::setup_overlay_reg(OverlaySurfaceInfo*, OverlayBandwidthInfo*, OverlayRegisters*)
00039200	376	MISSING	ATIR500Surface::filter_init(float, float, unsigned long, unsigned long, unsigned long, unsigned long*, float*)
000393a0	756	MISSING	ATIR500Surface::real_to_hex(unsigned long, float)
000396b0	528	MISSING	ATIR500Surface::set_linear_transform(int, OverlayPictureControl*, OverlayRegisters*)
000398d0	4	MISSING	ATIR500Surface::set_gamma_coefficient(OverlayRegisters*)
000398e0	4	MISSING	ATIR500Surface::get_surface_info(unsigned long, OverlaySurfaceInfo*, OverlayBandwidthInfo*)
000398f0	444	MISSING	ATIR500Surface::filter_setup(unsigned long, OverlayRegisters*)
00039ab0	1076	MISSING	ATIR500Surface::calc_h_inc_step_by(int, float, int, int, int, unsigned long*, unsigned long*, unsigned long*, unsigned long*, unsigned long*, unsigned long*, unsigned long*, unsigned long*, unsigned long*)
00039f20	4	MISSING	ATIR500Surface::query_BIOS_for_bandwidth_info(OverlayBandwidthInfo*)
00039f30	1184	MISSING	ATIR500Surface::get_surf_desc_regs(OverlaySurfaceInfo*, unsigned long*)
0003a410	568	MISSING	ATIR500Surface::calc_h_scaler_blank(OverlaySurfaceInfo*, OverlayBandwidthInfo*, unsigned long, unsigned long, float, float, unsigned long*, unsigned long*, unsigned long*)
0003a6a0	4	MISSING	ATIR500Surface::blast_key_color(IOAccelBounds*, unsigned long)
0003a6b0	4	MISSING	ATIR500Surface::debug_read_reg_dump()
0003a6c0	4	MISSING	ATIR500Surface::debug_reg_dump(OverlayRegisters*)
0003a6d0	4	SIG?	ATIR500Surface::showbuffer(int, int)
0003a6e0	28	SIG?	ATIR500Surface::dvd_setup_overlay(int, int, int, int)
0003a700	4	SIG?	ATIR500Surface::dvd_setup_subpicture(int, int, int, int)
0003a710	128	MISSING	ATIR500Surface::bad_panel()
0003a790	4	MISSING	ATIR500Surface::move_overlay_xy()
0003a800	8	SIG?	ATIR500Surface::enable_deint(int)
0003ad00	264	MISSING	get_offset_of_sample_0(ATIR500SurfaceBuffer*, int, int)
0003b310	1804	MISSING	ATIR500Surface::submit_swap_buffer(unsigned long, eDoSwap, IOATIR500GLContext*)
0003ba80	1308	MISSING	ATIR500Surface::submit_swap_buffer(unsigned long, unsigned long)
0003d150	172	MISSING	ATIR500Surface::buffer_map_offset(ATIR500SurfaceBuffer*, unsigned long, unsigned long, long*, long*, long*)
0003d200	476	MISSING	ATIR500Surface::setupFullScreen()
0003eec0	8704	MISSING	ATIR500Surface::build_swap()
00041150	6360	MISSING	write_3dtexquad_cmds_for_copy_buffer_using_DMA(ATIRadeonX1000*, unsigned long*, unsigned long, unsigned long, unsigned long, unsigned long, unsigned long, unsigned long, unsigned long, unsigned long, unsigned char, unsigned long, unsigned long, unsigned long, unsigned long, unsigned long, unsigned long, unsigned char, long, long, long, long, unsigned long, unsigned long, bool)
00042a80	2052	MISSING	ATIR500Surface::copy_buffer_using_DMA(long, long, long, long, unsigned long, unsigned long, ATIR500SurfaceBuffer*, VendorTransferBuffer*, unsigned long, unsigned long, IODirection, unsigned long)
00043340	972	MISSING	ATIR500Surface::copy_to_buffer(long, long, long, long, unsigned long, unsigned long, ATIR500SurfaceBuffer*, unsigned long, VendorTransferBuffer*, unsigned long, unsigned long, unsigned long)
00043730	1776	MISSING	ATIR500Surface::copy_from_buffer(long, long, long, long, unsigned long, unsigned long, ATIR500SurfaceBuffer*, unsigned long, VendorTransferBuffer*, unsigned long, unsigned long, unsigned long)
00043e60	2496	SIG?	ATIR500Surface::resolve_fsaa_buffer(unsigned long, unsigned long, unsigned long*, bool, long, long, long, long)
00044880	1260	SIG?	ATIR500Surface::back_resolve_fsaa_buffer(unsigned long, unsigned long, unsigned long*)
00044d90	876	MISSING	HZMEM_InitMemResource(_HZDATA*, unsigned long, unsigned long, unsigned long)
00045160	136	MISSING	HZMEM_InitAllocationTable(_HZDATA*)
00045200	76	MISSING	HZMEM_Init(_HZDATA*, unsigned long, unsigned long, unsigned long)
00045280	164	MISSING	HZMEM_Destroy(_HZDATA*)
