98d8	98e8	FUN_000098c8
98e8	98f8	FUN_000098c8
98f8	9908	FUN_000098c8
9908	9918	FUN_000098c8
9918	9928	FUN_000098c8
9930	9954	FUN_000098c8
9954	9968	FUN_000098c8
9968	9978	FUN_000098c8
9978	9988	FUN_000098c8
9988	9998	FUN_000098c8
9998	99a8	FUN_000098c8
99a8	99cc	FUN_000098c8
99cc	99e0	FUN_000098c8
99e0	99f0	FUN_000098c8
99f0	9a00	FUN_000098c8
9a00	9a10	FUN_000098c8
9a10	9a20	FUN_000098c8
9a20	9a34	FUN_000098c8
9a34	9a40	FUN_000098c8
9a40	9a4c	FUN_000098c8
9a4c	9a58	FUN_000098c8
9a58	9a64	FUN_000098c8
9a64	9a70	FUN_000098c8
9a70	9aa4	FUN_000098c8
9aa4	9ac4	FUN_000098c8
9ac4	9acc	FUN_000098c8
9acc	9ad8	FUN_000098c8
9ad8	9ae0	FUN_000098c8
9ae0	9aec	FUN_000098c8
9aec	9b0c	FUN_000098c8
9b0c	9b30	FUN_000098c8
9b30	9b54	FUN_000098c8
9b54	9b68	FUN_000098c8
9b68	9b70	FUN_000098c8
1efd0	1efec	FUN_0001ecd0
1efec	1eff8	FUN_0001ecd0
1eff8	1f000	FUN_0001ecd0
40a9c	40abc	FUN_00040374
40ac0	40ac4	FUN_00040374
4c544	4c55c	FUN_0004c540
535c4	535f0	FUN_000534c0
535f0	5360c	FUN_000534c0
76a64	76ab4	FUN_000768e0
7a174	7a190	FUN_0007a110
7a190	7a1a0	FUN_0007a110
c5538	c5540	FUN_000c5460
c5540	c5548	FUN_000c5460
c5548	c5550	FUN_000c5460
c5550	c5560	FUN_000c5460
c5560	c5570	FUN_000c5460
c5570	c5590	FUN_000c5460
c6e40	c6e4c	FUN_000c6470
c71d0	c71e0	FUN_000c6ff0
cd154	cd15c	eh_pad
cd380	cd388	FUN_000cd1c4
ce330	ce344	FUN_000ce148
ce344	ce358	FUN_000ce148
cec34	cec48	FUN_000cea6c
cec48	cec5c	FUN_000cea6c
d9f34	d9f3c	FUN_000d9e98
d9f78	d9f80	FUN_000d9f3c
da880	da8a8	FUN_000da78c
e2084	e208c	FUN_000e1fe4
e208c	e2094	FUN_000e1fe4
e2884	e28a8	FUN_000e2860
e28a8	e28cc	FUN_000e2860
e28cc	e28f0	FUN_000e2860
e2950	e2974	FUN_000e28f0
e2974	e2998	FUN_000e28f0
e2998	e29bc	FUN_000e28f0
e29bc	e29e0	FUN_000e28f0
e29e0	e2a04	FUN_000e28f0
e7650	e7658	FUN_000e5e70
ec1e4	ec1ec	FUN_000ec1d0
ed29c	ed2a4	FUN_000ed124
f3bc0	f3bc4	FUN_000f3b68
f89b4	f89b8	FUN_000f89a4
10451c	10453c	FUN_001044e0
10b32c	10b334	FUN_0010b2dc
10b3b4	10b3c0	FUN_0010b334
10b3c0	10b3cc	FUN_0010b334
10b3cc	10b3d8	FUN_0010b334
10b3d8	10b3e4	FUN_0010b334
10b3e4	10b3ec	FUN_0010b334
10dcfc	10dd08	FUN_0010dcc4
10ddf4	10ddfc	FUN_0010ddec
12841c	128430	FUN_0012839c
128ad4	128ad8	FUN_00128930
129400	129408	FUN_001293f8
129ea0	129eb4	FUN_00129b48
12ab70	12ab78	FUN_0012ab04
12ab78	12ab80	FUN_0012ab04
12dd48	12dd50	FUN_0012dcf0
12dd50	12dd58	FUN_0012dcf0
136ec4	136ec8	FUN_00135fb0
14694c	146950	FUN_00146868
172474	17247c	FUN_00172428
176e0c	176e20	FUN_00176d6c
187588	1875a8	FUN_00186a88
189660	189664	FUN_0018962c
191708	191710	FUN_0019156c
193a8c	193a90	FUN_00193a00
193bd0	193be8	FUN_00193b3c
1961b0	1961c8	FUN_00196070
197fb4	197fb8	FUN_00197ecc
19aad8	19aaf4	FUN_0019d480
19d478	19d480	FUN_0019d474
19f43c	19f440	FUN_0019f310
19fdf0	19fdf4	FUN_0019fccc
1a00b4	1a00b8	FUN_0019ffdc
1a184c	1a1850	FUN_001a158c
1cd664	1cd69c	FUN_001a3580
1cd69c	1cd6a0	FUN_001a3580
1cd6a0	1cd6a4	FUN_001a3580
1cd6a4	1cd6a8	FUN_001a3580
1cd6a8	1cd6b0	FUN_001a3580
1cd6b0	1cd6b4	FUN_001a3580
1cd6b4	1cd6e0	FUN_001a3580
1cd6e0	1cd6e8	FUN_001a3580
1cd6e8	1cd6f0	FUN_001a3580
1cd6f0	1cd6f8	FUN_001a3580
1cd6f8	1cd700	FUN_001a3580
1cd700	1cd708	FUN_001a3580
1cd708	1cd720	FUN_001a3580
1cd720	1cd728	FUN_001a3580
1cd728	1cd730	FUN_001a3580
1cd730	1cd738	FUN_001a3580
1cd738	1cd740	FUN_001a3580
1cd740	1cd748	FUN_001a3580
1cd748	1cd750	FUN_001a3580
1cd750	1cd758	FUN_001a3580
1cd758	1cd760	FUN_001a3580
1cd760	1cd768	FUN_001a3580
1cd768	1cd770	FUN_001a3580
1cd770	1cd778	FUN_001a3580
1cd778	1cd780	FUN_001a3580
1cd780	1cd788	FUN_001a3580
1cd788	1cd790	FUN_001a3580
1cd790	1cd798	FUN_001a3580
1cd798	1cd7a0	FUN_001a3580
1cd7a0	1cd7a8	FUN_001a3580
1cd7a8	1cd7b0	FUN_001a3580
1cd7b0	1cd7b8	FUN_001a3580
1cd7b8	1cd7bc	FUN_001a3580
1cd7d8	1cd7ec	FUN_001cd7bc
1cdbf8	1cdbfc	FUN_001cdba4
1cdbfc	1cdc04	FUN_001cdba4
1cdc04	1cdc0c	FUN_001cdba4
1cdc0c	1cdc14	FUN_001cdba4
1cdc14	1cdc1c	FUN_001cdba4
1cdc1c	1cdc24	FUN_001cdba4
1cdc24	1cdc2c	FUN_001cdba4
1cdc2c	1cdc34	FUN_001cdba4
1cdc34	1cdc3c	FUN_001cdba4
1cdc3c	1cdc44	FUN_001cdba4
1cdc44	1cdc4c	FUN_001cdba4
1cdc4c	1cdc54	FUN_001cdba4
1cdc54	1cdc5c	FUN_001cdba4
1cdc5c	1cdc64	FUN_001cdba4
1cdc80	1cdc88	FUN_001cdc64
1cdca4	1cdcac	FUN_001cdc88
1cdcc8	1cdcd0	FUN_001cdcac
1cdcec	1cdcf4	FUN_001cdcd0
1cdcf4	1cdcfc	FUN_001cdcd0
1cdd18	1cdd20	FUN_001cdcfc
1cdd3c	1cdd44	FUN_001cdd20
1cdd7c	1cdd84	FUN_001cdd60
1cdda0	1cdda8	FUN_001cdd84
1cddc4	1cddcc	FUN_001cdda8
1cdde8	1cddf0	FUN_001cddcc
1cde0c	1cde14	FUN_001cddf0
1cde14	1cde18	FUN_001cddf0
1ce61c	1ce648	FUN_001ce5e8
1ce648	1ce660	FUN_001ce5e8
1ce660	1ce678	FUN_001ce5e8
1ce678	1ce690	FUN_001ce5e8
1ce690	1ce6ac	FUN_001ce5e8
1ce6ac	1ce6b4	FUN_001ce5e8
1ce6d0	1ce6d8	FUN_001ce6b4
1ce6f4	1ce6fc	FUN_001ce6d8
1ce76c	1ce774	FUN_001ce750
1ce790	1ce798	FUN_001ce774
1ce7d0	1ce7d8	FUN_001ce7b4
1ce7f4	1ce7f8	FUN_001ce7d8
1ce7f8	1ce800	FUN_001ce7d8
1ce838	1ce840	FUN_001ce81c
1ce840	1ce848	FUN_001ce81c
1ce848	1ce850	FUN_001ce81c
1ce850	1ce858	FUN_001ce81c
1ce858	1ce860	FUN_001ce81c
1ce87c	1ce884	FUN_001ce860
1ce884	1ce88c	FUN_001ce860
1ce88c	1ce894	FUN_001ce860
1ce8b0	1ce8b8	FUN_001ce894
1ce8b8	1ce8bc	FUN_001ce894
1ce8bc	1ce8c0	FUN_001ce894
1ce8c0	1ce8c8	FUN_001ce894
1ce8c8	1ce8d0	FUN_001ce894
1ce8d0	1ce8d8	FUN_001ce894
1ce8f4	1ce8fc	FUN_001ce8d8
1ce8fc	1ce900	FUN_001ce8d8
1ce900	1ce904	FUN_001ce8d8
1ce904	1ce90c	FUN_001ce8d8
1ce90c	1ce914	FUN_001ce8d8
1ce914	1ce91c	FUN_001ce8d8
1ce938	1ce940	FUN_001ce91c
1ce940	1ce944	FUN_001ce91c
1ce944	1ce948	FUN_001ce91c
1ce948	1ce950	FUN_001ce91c
1ce950	1ce958	FUN_001ce91c
1ce958	1ce95c	FUN_001ce91c
1ce978	1ce980	FUN_001ce95c
1ce980	1ce984	FUN_001ce95c
1ce984	1ce988	FUN_001ce95c
1ce988	1ce990	FUN_001ce95c
1ce990	1ce9ac	FUN_001ce95c
1ce9ac	1ce9b4	FUN_001ce95c
1ce9d0	1ce9d8	FUN_001ce9b4
1ce9d8	1ce9e0	FUN_001ce9b4
1ce9e0	1ce9fc	FUN_001ce9b4
1ce9fc	1cea04	FUN_001ce9b4
1cea04	1cea0c	FUN_001ce9b4
1cea0c	1cea14	FUN_001ce9b4
1cea14	1cea1c	FUN_001ce9b4
1cea1c	1cea24	FUN_001ce9b4
1cea40	1cea48	FUN_001cea24
1cea48	1cea64	FUN_001cea24
1cea64	1cea6c	FUN_001cea24
1cea6c	1cea88	FUN_001cea24
1cea88	1cea90	FUN_001cea24
1cea90	1cea98	FUN_001cea24
1cea98	1ceaa0	FUN_001cea24
1ceaa0	1ceabc	FUN_001cea24
1ceabc	1ceac4	FUN_001cea24
1ceac4	1ceacc	FUN_001cea24
1ceacc	1ceae8	FUN_001cea24
1ceae8	1ceaf0	FUN_001cea24
1ceaf0	1ceaf8	FUN_001cea24
1ceaf8	1ceb14	FUN_001cea24
1ceb14	1ceb30	FUN_001cea24
1ceb30	1ceb38	FUN_001cea24
1ceb38	1ceb40	FUN_001cea24
1ceb40	1ceb48	FUN_001cea24
1ceb48	1ceb64	FUN_001cea24
1ceb64	1ceb80	FUN_001cea24
1ceb80	1ceb9c	FUN_001cea24
1ceb9c	1ceba4	FUN_001cea24
1ceba4	1cebac	FUN_001cea24
1cebac	1cebb4	FUN_001cea24
1cebd0	1cebd4	FUN_001cebb4
1cebd4	1cebdc	FUN_001cebb4
1cebdc	1cebe4	FUN_001cebb4
1cec00	1cec08	FUN_001cebe4
1cec08	1cec24	FUN_001cebe4
1cec24	1cec40	FUN_001cebe4
1cec40	1cec48	FUN_001cebe4
1cec48	1cec50	FUN_001cebe4
1cec6c	1cec8c	FUN_001cec50
1cec8c	1cecac	FUN_001cec50
1cecac	1cecb8	FUN_001cec50
1cecb8	1cecc0	FUN_001cec50
1cffec	1cfff4	FUN_001cffc8
1cfff4	1cfff8	FUN_001cffc8
1cfff8	1cfffc	FUN_001cffc8
1cfffc	1d0000	FUN_001cffc8
1d0020	1d0028	FUN_001d0000
1d0028	1d0030	FUN_001d0000
1d0030	1d0038	FUN_001d0000
1d0038	1d003c	FUN_001d0000
1d003c	1d0040	FUN_001d0000
1d0040	1d0048	FUN_001d0000
1d0048	1d004c	FUN_001d0000
1d004c	1d0050	FUN_001d0000
1d0050	1d0054	FUN_001d0000
1d0054	1d0058	FUN_001d0000
1d0058	1d0060	FUN_001d0000
1d0060	1d0068	FUN_001d0000
1d0068	1d0070	FUN_001d0000
1d0090	1d0098	FUN_001d0070
1d0098	1d00a0	FUN_001d0070
1d00a0	1d00a8	FUN_001d0070
1d00a8	1d00b0	FUN_001d0070
1d00b0	1d00b8	FUN_001d0070
1d00b8	1d00c0	FUN_001d0070
1d00c0	1d00c8	FUN_001d0070
1d00c8	1d00d0	FUN_001d0070
1d00d0	1d00d8	FUN_001d0070
1d00d8	1d00e0	FUN_001d0070
1d00e0	1d00e8	FUN_001d0070
1d00e8	1d00f0	FUN_001d0070
1d00f0	1d00f8	FUN_001d0070
1d00f8	1d0100	FUN_001d0070
1d0100	1d0104	FUN_001d0070
1d0104	1d010c	FUN_001d0070
1d010c	1d0114	FUN_001d0070
1d0114	1d011c	FUN_001d0070
1d011c	1d0140	FUN_001d0070
1d0140	1d0144	FUN_001d0070
1d0144	1d014c	FUN_001d0070
1d016c	1d0174	FUN_001d014c
1d0174	1d017c	FUN_001d014c
1d017c	1d0184	FUN_001d014c
1d0184	1d018c	FUN_001d014c
1d018c	1d0190	FUN_001d014c
1d0190	1d0198	FUN_001d014c
1d0198	1d019c	FUN_001d014c
1d019c	1d01a4	FUN_001d014c
1d01a4	1d01a8	FUN_001d014c
1d01a8	1d01ac	FUN_001d014c
1d01ac	1d01b0	FUN_001d014c
1d01f8	1d01fc	FUN_001d01d4
1d01fc	1d0204	FUN_001d01d4
1d0204	1d0208	FUN_001d01d4
1d0250	1d0258	FUN_001d022c
1d0258	1d0260	FUN_001d022c
1d0260	1d0278	FUN_001d022c
1d0398	1d03b0	FUN_001d0278
1d03b0	1d03c8	FUN_001d0278
1d03c8	1d03dc	FUN_001d0278
1d03dc	1d03f4	FUN_001d0278
1d03f4	1d040c	FUN_001d0278
1d040c	1d0428	FUN_001d0278
1d0428	1d0440	FUN_001d0278
1d0440	1d0458	FUN_001d0278
1d0458	1d0470	FUN_001d0278
1d0470	1d0488	FUN_001d0278
1d0488	1d04a0	FUN_001d0278
1d04a0	1d04c0	FUN_001d0278
1d04c0	1d04e0	FUN_001d0278
1d04e0	1d0504	FUN_001d0278
1d0504	1d0528	FUN_001d0278
1d0528	1d0548	FUN_001d0278
1d0548	1d0568	FUN_001d0278
1d0568	1d0584	FUN_001d0278
1d0584	1d05a0	FUN_001d0278
1d05a0	1d05b0	FUN_001d0278
1d096c	1d0984	FUN_001d092c
1d0984	1d099c	FUN_001d092c
1d099c	1d09b4	FUN_001d092c
1d0b6c	1d0b94	FUN_001d0af0
1d0cb4	1d0cd8	FUN_001d0c78
1d0d1c	1d0d38	FUN_001d0cd8
1d0d38	1d0d48	FUN_001d0cd8
1d0d48	1d0d6c	FUN_001d0cd8
1d0d6c	1d0d74	FUN_001d0cd8
1d0d74	1d0d7c	FUN_001d0cd8
1d0d7c	1d0db4	FUN_001d0cd8
1d0db4	1d0db8	FUN_001d0cd8
1d0db8	1d0dbc	FUN_001d0cd8
1d0dbc	1d0dc0	FUN_001d0cd8
1d0dc0	1d0dc4	FUN_001d0cd8
1d0dc4	1d0dc8	FUN_001d0cd8
1d0dc8	1d0dcc	FUN_001d0cd8
1d0dcc	1d0dd0	FUN_001d0cd8
1d0dd0	1d0dd4	FUN_001d0cd8
1d0dd4	1d0dd8	FUN_001d0cd8
1d0dd8	1d0ddc	FUN_001d0cd8
1d0ddc	1d0de0	FUN_001d0cd8
1d0de0	1d0de4	FUN_001d0cd8
1d0de4	1d0de8	FUN_001d0cd8
1d0de8	1d0dec	FUN_001d0cd8
1d0dec	1d0df0	FUN_001d0cd8
1d0df0	1d0df4	FUN_001d0cd8
1d0df4	1d0df8	FUN_001d0cd8
1d0df8	1d0dfc	FUN_001d0cd8
1d0dfc	1d0e00	FUN_001d0cd8
1d0e00	1d0e04	FUN_001d0cd8
1d0e04	1d0e08	FUN_001d0cd8
1d0e08	1d0e0c	FUN_001d0cd8
1d78a8	1d78b0	FUN_001d7874
1d78b0	1d78b8	FUN_001d7874
1d78b8	1d78c0	FUN_001d7874
1d78c0	1d78c8	FUN_001d7874
1d78c8	1d78d0	FUN_001d7874
1d78d0	1d78d8	FUN_001d7874
1d78d8	1d78e0	FUN_001d7874
1d78e0	1d78e8	FUN_001d7874
1d78e8	1d78f0	FUN_001d7874
1d78f0	1d78f8	FUN_001d7874
1d78f8	1d7900	FUN_001d7874
1d7900	1d7908	FUN_001d7874
1d7908	1d7910	FUN_001d7874
1d7910	1d7918	FUN_001d7874
1d7918	1d7920	FUN_001d7874
1d7920	1d7928	FUN_001d7874
1d7928	1d7930	FUN_001d7874
1d7930	1d7938	FUN_001d7874
1d7938	1d7940	FUN_001d7874
1d7940	1d7948	FUN_001d7874
1d7948	1d7950	FUN_001d7874
1d82c4	1d82c8	FUN_001d826c
1d82c8	1d82d0	FUN_001d826c
1d82d0	1d82d8	FUN_001d826c
1d82d8	1d82e0	FUN_001d826c
1d82e0	1d82e8	FUN_001d826c
1d82e8	1d82f0	FUN_001d826c
1d82f0	1d82f8	FUN_001d826c
1d82f8	1d82fc	FUN_001d826c
1d82fc	1d8300	FUN_001d826c
1d8300	1d8308	FUN_001d826c
1d8308	1d8310	FUN_001d826c
1d8310	1d8314	FUN_001d826c
1d8314	1d8318	FUN_001d826c
1d83e8	1d83f0	FUN_001d83b4
1d83f0	1d83f8	FUN_001d83b4
1d83f8	1d8400	FUN_001d83b4
1d8400	1d8408	FUN_001d83b4
1d8408	1d8410	FUN_001d83b4
1d8410	1d8418	FUN_001d83b4
1d8418	1d842c	FUN_001d83b4
1d842c	1d8434	FUN_001d83b4
1d8434	1d8448	FUN_001d83b4
1d8448	1d8450	FUN_001d83b4
1d8450	1d8458	FUN_001d83b4
1d8458	1d8460	FUN_001d83b4
1d8460	1d8468	FUN_001d83b4
1d8468	1d8470	FUN_001d83b4
1d8470	1d8474	FUN_001d83b4
1d8474	1d847c	FUN_001d83b4
1d847c	1d8480	FUN_001d83b4
1d8480	1d8488	FUN_001d83b4
1d8488	1d8490	FUN_001d83b4
1d8490	1d8498	FUN_001d83b4
1d8498	1d84a0	FUN_001d83b4
1d84a0	1d84a4	FUN_001d83b4
1d84a4	1d84ac	FUN_001d83b4
1d857c	1d8584	FUN_001d8548
1d86a8	1d86b4	FUN_001d8660
1d86ec	1d86fc	FUN_001d86b4
1d86fc	1d8704	FUN_001d86b4
1d8704	1d8708	FUN_001d86b4
1d8708	1d8710	FUN_001d86b4
1d8710	1d8720	FUN_001d86b4
1d8720	1d8734	FUN_001d86b4
1d8734	1d873c	FUN_001d86b4
1d873c	1d8744	FUN_001d86b4
1d8744	1d8748	FUN_001d86b4
1d8748	1d8750	FUN_001d86b4
1d8750	1d8758	FUN_001d86b4
1d8758	1d875c	FUN_001d86b4
1d875c	1d8760	FUN_001d86b4
1d8760	1d8768	FUN_001d86b4
1d8768	1d8770	FUN_001d86b4
1d8770	1d8778	FUN_001d86b4
1d8778	1d8784	FUN_001d86b4
1d8784	1d878c	FUN_001d86b4
1d878c	1d8790	FUN_001d86b4
1d8790	1d8798	FUN_001d86b4
1d8798	1d87a0	FUN_001d86b4
1d87a0	1d87a8	FUN_001d86b4
1d87e0	1d87f4	FUN_001d87a8
1d87f4	1d87fc	FUN_001d87a8
1d87fc	1d8800	FUN_001d87a8
1d8800	1d8808	FUN_001d87a8
1d8808	1d8824	FUN_001d87a8
1d8824	1d8838	FUN_001d87a8
1d8838	1d8840	FUN_001d87a8
1d8840	1d8848	FUN_001d87a8
1d8848	1d8850	FUN_001d87a8
1d8898	1d88a8	FUN_001d8874
1d88a8	1d88c0	FUN_001d8874
1d88c0	1d8910	FUN_001d8874
1d8910	1d8944	FUN_001d8874
1d898c	1d89b0	FUN_001d8944
1d89b0	1d89d4	FUN_001d8944
1d89d4	1d89f8	FUN_001d8944
1d89f8	1d8a00	FUN_001d8944
1d8a00	1d8a10	FUN_001d8944
1d8a10	1d8a18	FUN_001d8944
1d8a18	1d8a20	FUN_001d8944
1d8a20	1d8a28	FUN_001d8944
1d8aa4	1d8aac	FUN_001d8a5c
1d8aac	1d8ab4	FUN_001d8a5c
1d8ab4	1d8ac8	FUN_001d8a5c
1d8ac8	1d8ad0	FUN_001d8a5c
1d8ad0	1d8ad4	FUN_001d8a5c
1d8ad4	1d8adc	FUN_001d8a5c
1d8adc	1d8ae4	FUN_001d8a5c
1d8ae4	1d8aec	FUN_001d8a5c
1d8aec	1d8af0	FUN_001d8a5c
1d8af0	1d8af4	FUN_001d8a5c
1d8c04	1d8c0c	FUN_001d8bc0
1d8c0c	1d8c10	FUN_001d8bc0
1d8c10	1d8c18	FUN_001d8bc0
1d8cb4	1d8cb8	FUN_001d8c70
1d8cb8	1d8cbc	FUN_001d8c70
1d8cbc	1d8cc0	FUN_001d8c70
1d8cc0	1d8cc4	FUN_001d8c70
1d8cc4	1d8cc8	FUN_001d8c70
1d8cc8	1d8ccc	FUN_001d8c70
1d8ccc	1d8cd0	FUN_001d8c70
1d8cd0	1d8cd4	FUN_001d8c70
1d8cd4	1d8cd8	FUN_001d8c70
1d8cd8	1d8cec	FUN_001d8c70
1d8cec	1d8d00	FUN_001d8c70
1d8d00	1d8d08	FUN_001d8c70
1d8d08	1d8d14	FUN_001d8c70
1d8d14	1d8d2c	FUN_001d8c70
1d8d2c	1d8d44	FUN_001d8c70
1d8d44	1d8d48	FUN_001d8c70
1d8d48	1d8d4c	FUN_001d8c70
1d8d4c	1d8d88	FUN_001d8c70
1d8d88	1d8dc0	FUN_001d8c70
1d8dc0	1d8dc4	FUN_001d8c70
1d8dc4	1d8dc8	FUN_001d8c70
1d8dc8	1d8dcc	FUN_001d8c70
1d8dcc	1d8dd0	FUN_001d8c70
1d8dd0	1d8dd4	FUN_001d8c70
1d8dd4	1d8dec	FUN_001d8c70
1d8dec	1d8df8	FUN_001d8c70
1d8df8	1d8e0c	FUN_001d8c70
1d8e0c	1d8e10	FUN_001d8c70
1d8e10	1d8e24	FUN_001d8c70
1d8e24	1d8e38	FUN_001d8c70
1d8e38	1d8e44	FUN_001d8c70
1d8e44	1d8e5c	FUN_001d8c70
1d8e5c	1d8e74	FUN_001d8c70
1d8e74	1d8e8c	FUN_001d8c70
1d8e8c	1d8e90	FUN_001d8c70
1d8e90	1d8ecc	FUN_001d8c70
1d8ecc	1d8f04	FUN_001d8c70
1d8f04	1d8f34	FUN_001d8c70
1d8f34	1d8f50	FUN_001d8c70
1d8f50	1d8f54	FUN_001d8c70
1d8f54	1d8f58	FUN_001d8c70
