0x98d8	FUN_000098c8
0x98e8	FUN_000098c8
0x98f8	FUN_000098c8
0x9908	FUN_000098c8
0x9918	FUN_000098c8
0x9930	FUN_000098c8
0x9954	FUN_000098c8
0x9968	FUN_000098c8
0x9978	FUN_000098c8
0x9988	FUN_000098c8
0x9998	FUN_000098c8
0x99a8	FUN_000098c8
0x99cc	FUN_000098c8
0x99e0	FUN_000098c8
0x99f0	FUN_000098c8
0x9a00	FUN_000098c8
0x9a10	FUN_000098c8
0x9a20	FUN_000098c8
0x9a34	FUN_000098c8
0x9a40	FUN_000098c8
0x9a4c	FUN_000098c8
0x9a58	FUN_000098c8
0x9a64	FUN_000098c8
0x9a70	FUN_000098c8
0x9aa4	FUN_000098c8
0x9ac4	FUN_000098c8
0x9acc	FUN_000098c8
0x9ad8	FUN_000098c8
0x9ae0	FUN_000098c8
0x9aec	FUN_000098c8
0x9b0c	FUN_000098c8
0x9b30	FUN_000098c8
0x9b54	FUN_000098c8
0x9b68	FUN_000098c8
0x1efd0	FUN_0001ecd0
0x1efec	FUN_0001ecd0
0x1eff8	FUN_0001ecd0
0x40a9c	FUN_00040374
0x40ac0	FUN_00040374
0x4c544	FUN_0004c540
0x535c4	FUN_000534c0
0x535f0	FUN_000534c0
0x76a64	FUN_000768e0
0x7a174	FUN_0007a110
0x7a190	FUN_0007a110
0xc5538	FUN_000c5460
0xc5540	FUN_000c5460
0xc5548	FUN_000c5460
0xc5550	FUN_000c5460
0xc5560	FUN_000c5460
0xc5570	FUN_000c5460
0xc6e40	FUN_000c6470
0xc71d0	FUN_000c6ff0
0xcd154	eh_pad
0xcd380	FUN_000cd1c4
0xce330	FUN_000ce148
0xce344	FUN_000ce148
0xcec34	FUN_000cea6c
0xcec48	FUN_000cea6c
0xd9f34	FUN_000d9e98
0xd9f78	FUN_000d9f3c
0xda880	FUN_000da78c
0xe2084	FUN_000e1fe4
0xe208c	FUN_000e1fe4
0xe2884	FUN_000e2860
0xe28a8	FUN_000e2860
0xe28cc	FUN_000e2860
0xe2950	FUN_000e28f0
0xe2974	FUN_000e28f0
0xe2998	FUN_000e28f0
0xe29bc	FUN_000e28f0
0xe29e0	FUN_000e28f0
0xe7650	FUN_000e5e70
0xec1e4	FUN_000ec1d0
0xed29c	FUN_000ed124
0xf3bc0	FUN_000f3b68
0xf89b4	FUN_000f89a4
0x10451c	FUN_001044e0
0x10b32c	FUN_0010b2dc
0x10b3b4	FUN_0010b334
0x10b3c0	FUN_0010b334
0x10b3cc	FUN_0010b334
0x10b3d8	FUN_0010b334
0x10b3e4	FUN_0010b334
0x10dcfc	FUN_0010dcc4
0x10ddf4	FUN_0010ddec
0x12841c	FUN_0012839c
0x128ad4	FUN_00128930
0x129400	FUN_001293f8
0x129ea0	FUN_00129b48
0x12ab70	FUN_0012ab04
0x12ab78	FUN_0012ab04
0x12dd48	FUN_0012dcf0
0x12dd50	FUN_0012dcf0
0x136ec4	FUN_00135fb0
0x14694c	FUN_00146868
0x172474	FUN_00172428
0x176e0c	FUN_00176d6c
0x187588	FUN_00186a88
0x189660	FUN_0018962c
0x191708	FUN_0019156c
0x193a8c	FUN_00193a00
0x193bd0	FUN_00193b3c
0x1961b0	FUN_00196070
0x197fb4	FUN_00197ecc
0x19aad8	FUN_0019d480
0x19d478	FUN_0019d474
0x19f43c	FUN_0019f310
0x19fdf0	FUN_0019fccc
0x1a00b4	FUN_0019ffdc
0x1a184c	FUN_001a158c
0x1cd664	FUN_001a3580
0x1cd69c	FUN_001a3580
0x1cd6a0	FUN_001a3580
0x1cd6a4	FUN_001a3580
0x1cd6a8	FUN_001a3580
0x1cd6b0	FUN_001a3580
0x1cd6b4	FUN_001a3580
0x1cd6e0	FUN_001a3580
0x1cd6e8	FUN_001a3580
0x1cd6f0	FUN_001a3580
0x1cd6f8	FUN_001a3580
0x1cd700	FUN_001a3580
0x1cd708	FUN_001a3580
0x1cd720	FUN_001a3580
0x1cd728	FUN_001a3580
0x1cd730	FUN_001a3580
0x1cd738	FUN_001a3580
0x1cd740	FUN_001a3580
0x1cd748	FUN_001a3580
0x1cd750	FUN_001a3580
0x1cd758	FUN_001a3580
0x1cd760	FUN_001a3580
0x1cd768	FUN_001a3580
0x1cd770	FUN_001a3580
0x1cd778	FUN_001a3580
0x1cd780	FUN_001a3580
0x1cd788	FUN_001a3580
0x1cd790	FUN_001a3580
0x1cd798	FUN_001a3580
0x1cd7a0	FUN_001a3580
0x1cd7a8	FUN_001a3580
0x1cd7b0	FUN_001a3580
0x1cd7b8	FUN_001a3580
0x1cd7d8	FUN_001cd7bc
0x1cdbf8	FUN_001cdba4
0x1cdbfc	FUN_001cdba4
0x1cdc04	FUN_001cdba4
0x1cdc0c	FUN_001cdba4
0x1cdc14	FUN_001cdba4
0x1cdc1c	FUN_001cdba4
0x1cdc24	FUN_001cdba4
0x1cdc2c	FUN_001cdba4
0x1cdc34	FUN_001cdba4
0x1cdc3c	FUN_001cdba4
0x1cdc44	FUN_001cdba4
0x1cdc4c	FUN_001cdba4
0x1cdc54	FUN_001cdba4
0x1cdc5c	FUN_001cdba4
0x1cdc80	FUN_001cdc64
0x1cdca4	FUN_001cdc88
0x1cdcc8	FUN_001cdcac
0x1cdcec	FUN_001cdcd0
0x1cdcf4	FUN_001cdcd0
0x1cdd18	FUN_001cdcfc
0x1cdd3c	FUN_001cdd20
0x1cdd7c	FUN_001cdd60
0x1cdda0	FUN_001cdd84
0x1cddc4	FUN_001cdda8
0x1cdde8	FUN_001cddcc
0x1cde0c	FUN_001cddf0
0x1cde14	FUN_001cddf0
0x1ce61c	FUN_001ce5e8
0x1ce648	FUN_001ce5e8
0x1ce660	FUN_001ce5e8
0x1ce678	FUN_001ce5e8
0x1ce690	FUN_001ce5e8
0x1ce6ac	FUN_001ce5e8
0x1ce6d0	FUN_001ce6b4
0x1ce6f4	FUN_001ce6d8
0x1ce76c	FUN_001ce750
0x1ce790	FUN_001ce774
0x1ce7d0	FUN_001ce7b4
0x1ce7f4	FUN_001ce7d8
0x1ce7f8	FUN_001ce7d8
0x1ce838	FUN_001ce81c
0x1ce840	FUN_001ce81c
0x1ce848	FUN_001ce81c
0x1ce850	FUN_001ce81c
0x1ce858	FUN_001ce81c
0x1ce87c	FUN_001ce860
0x1ce884	FUN_001ce860
0x1ce88c	FUN_001ce860
0x1ce8b0	FUN_001ce894
0x1ce8b8	FUN_001ce894
0x1ce8bc	FUN_001ce894
0x1ce8c0	FUN_001ce894
0x1ce8c8	FUN_001ce894
0x1ce8d0	FUN_001ce894
0x1ce8f4	FUN_001ce8d8
0x1ce8fc	FUN_001ce8d8
0x1ce900	FUN_001ce8d8
0x1ce904	FUN_001ce8d8
0x1ce90c	FUN_001ce8d8
0x1ce914	FUN_001ce8d8
0x1ce938	FUN_001ce91c
0x1ce940	FUN_001ce91c
0x1ce944	FUN_001ce91c
0x1ce948	FUN_001ce91c
0x1ce950	FUN_001ce91c
0x1ce958	FUN_001ce91c
0x1ce978	FUN_001ce95c
0x1ce980	FUN_001ce95c
0x1ce984	FUN_001ce95c
0x1ce988	FUN_001ce95c
0x1ce990	FUN_001ce95c
0x1ce9ac	FUN_001ce95c
0x1ce9d0	FUN_001ce9b4
0x1ce9d8	FUN_001ce9b4
0x1ce9e0	FUN_001ce9b4
0x1ce9fc	FUN_001ce9b4
0x1cea04	FUN_001ce9b4
0x1cea0c	FUN_001ce9b4
0x1cea14	FUN_001ce9b4
0x1cea1c	FUN_001ce9b4
0x1cea40	FUN_001cea24
0x1cea48	FUN_001cea24
0x1cea64	FUN_001cea24
0x1cea6c	FUN_001cea24
0x1cea88	FUN_001cea24
0x1cea90	FUN_001cea24
0x1cea98	FUN_001cea24
0x1ceaa0	FUN_001cea24
0x1ceabc	FUN_001cea24
0x1ceac4	FUN_001cea24
0x1ceacc	FUN_001cea24
0x1ceae8	FUN_001cea24
0x1ceaf0	FUN_001cea24
0x1ceaf8	FUN_001cea24
0x1ceb14	FUN_001cea24
0x1ceb30	FUN_001cea24
0x1ceb38	FUN_001cea24
0x1ceb40	FUN_001cea24
0x1ceb48	FUN_001cea24
0x1ceb64	FUN_001cea24
0x1ceb80	FUN_001cea24
0x1ceb9c	FUN_001cea24
0x1ceba4	FUN_001cea24
0x1cebac	FUN_001cea24
0x1cebd0	FUN_001cebb4
0x1cebd4	FUN_001cebb4
0x1cebdc	FUN_001cebb4
0x1cec00	FUN_001cebe4
0x1cec08	FUN_001cebe4
0x1cec24	FUN_001cebe4
0x1cec40	FUN_001cebe4
0x1cec48	FUN_001cebe4
0x1cec6c	FUN_001cec50
0x1cec8c	FUN_001cec50
0x1cecac	FUN_001cec50
0x1cecb8	FUN_001cec50
0x1cffec	FUN_001cffc8
0x1cfff4	FUN_001cffc8
0x1cfff8	FUN_001cffc8
0x1cfffc	FUN_001cffc8
0x1d0020	FUN_001d0000
0x1d0028	FUN_001d0000
0x1d0030	FUN_001d0000
0x1d0038	FUN_001d0000
0x1d003c	FUN_001d0000
0x1d0040	FUN_001d0000
0x1d0048	FUN_001d0000
0x1d004c	FUN_001d0000
0x1d0050	FUN_001d0000
0x1d0054	FUN_001d0000
0x1d0058	FUN_001d0000
0x1d0060	FUN_001d0000
0x1d0068	FUN_001d0000
0x1d0090	FUN_001d0070
0x1d0098	FUN_001d0070
0x1d00a0	FUN_001d0070
0x1d00a8	FUN_001d0070
0x1d00b0	FUN_001d0070
0x1d00b8	FUN_001d0070
0x1d00c0	FUN_001d0070
0x1d00c8	FUN_001d0070
0x1d00d0	FUN_001d0070
0x1d00d8	FUN_001d0070
0x1d00e0	FUN_001d0070
0x1d00e8	FUN_001d0070
0x1d00f0	FUN_001d0070
0x1d00f8	FUN_001d0070
0x1d0100	FUN_001d0070
0x1d0104	FUN_001d0070
0x1d010c	FUN_001d0070
0x1d0114	FUN_001d0070
0x1d011c	FUN_001d0070
0x1d0140	FUN_001d0070
0x1d0144	FUN_001d0070
0x1d016c	FUN_001d014c
0x1d0174	FUN_001d014c
0x1d017c	FUN_001d014c
0x1d0184	FUN_001d014c
0x1d018c	FUN_001d014c
0x1d0190	FUN_001d014c
0x1d0198	FUN_001d014c
0x1d019c	FUN_001d014c
0x1d01a4	FUN_001d014c
0x1d01a8	FUN_001d014c
0x1d01ac	FUN_001d014c
0x1d01f8	FUN_001d01d4
0x1d01fc	FUN_001d01d4
0x1d0204	FUN_001d01d4
0x1d0250	FUN_001d022c
0x1d0258	FUN_001d022c
0x1d0260	FUN_001d022c
0x1d0398	FUN_001d0278
0x1d03b0	FUN_001d0278
0x1d03c8	FUN_001d0278
0x1d03dc	FUN_001d0278
0x1d03f4	FUN_001d0278
0x1d040c	FUN_001d0278
0x1d0428	FUN_001d0278
0x1d0440	FUN_001d0278
0x1d0458	FUN_001d0278
0x1d0470	FUN_001d0278
0x1d0488	FUN_001d0278
0x1d04a0	FUN_001d0278
0x1d04c0	FUN_001d0278
0x1d04e0	FUN_001d0278
0x1d0504	FUN_001d0278
0x1d0528	FUN_001d0278
0x1d0548	FUN_001d0278
0x1d0568	FUN_001d0278
0x1d0584	FUN_001d0278
0x1d05a0	FUN_001d0278
0x1d096c	FUN_001d092c
0x1d0984	FUN_001d092c
0x1d099c	FUN_001d092c
0x1d0b6c	FUN_001d0af0
0x1d0cb4	FUN_001d0c78
0x1d0d1c	FUN_001d0cd8
0x1d0d38	FUN_001d0cd8
0x1d0d48	FUN_001d0cd8
0x1d0d6c	FUN_001d0cd8
0x1d0d74	FUN_001d0cd8
0x1d0d7c	FUN_001d0cd8
0x1d0db4	FUN_001d0cd8
0x1d0db8	FUN_001d0cd8
0x1d0dbc	FUN_001d0cd8
0x1d0dc0	FUN_001d0cd8
0x1d0dc4	FUN_001d0cd8
0x1d0dc8	FUN_001d0cd8
0x1d0dcc	FUN_001d0cd8
0x1d0dd0	FUN_001d0cd8
0x1d0dd4	FUN_001d0cd8
0x1d0dd8	FUN_001d0cd8
0x1d0ddc	FUN_001d0cd8
0x1d0de0	FUN_001d0cd8
0x1d0de4	FUN_001d0cd8
0x1d0de8	FUN_001d0cd8
0x1d0dec	FUN_001d0cd8
0x1d0df0	FUN_001d0cd8
0x1d0df4	FUN_001d0cd8
0x1d0df8	FUN_001d0cd8
0x1d0dfc	FUN_001d0cd8
0x1d0e00	FUN_001d0cd8
0x1d0e04	FUN_001d0cd8
0x1d0e08	FUN_001d0cd8
0x1d78a8	FUN_001d7874
0x1d78b0	FUN_001d7874
0x1d78b8	FUN_001d7874
0x1d78c0	FUN_001d7874
0x1d78c8	FUN_001d7874
0x1d78d0	FUN_001d7874
0x1d78d8	FUN_001d7874
0x1d78e0	FUN_001d7874
0x1d78e8	FUN_001d7874
0x1d78f0	FUN_001d7874
0x1d78f8	FUN_001d7874
0x1d7900	FUN_001d7874
0x1d7908	FUN_001d7874
0x1d7910	FUN_001d7874
0x1d7918	FUN_001d7874
0x1d7920	FUN_001d7874
0x1d7928	FUN_001d7874
0x1d7930	FUN_001d7874
0x1d7938	FUN_001d7874
0x1d7940	FUN_001d7874
0x1d7948	FUN_001d7874
0x1d82c4	FUN_001d826c
0x1d82c8	FUN_001d826c
0x1d82d0	FUN_001d826c
0x1d82d8	FUN_001d826c
0x1d82e0	FUN_001d826c
0x1d82e8	FUN_001d826c
0x1d82f0	FUN_001d826c
0x1d82f8	FUN_001d826c
0x1d82fc	FUN_001d826c
0x1d8300	FUN_001d826c
0x1d8308	FUN_001d826c
0x1d8310	FUN_001d826c
0x1d8314	FUN_001d826c
0x1d83e8	FUN_001d83b4
0x1d83f0	FUN_001d83b4
0x1d83f8	FUN_001d83b4
0x1d8400	FUN_001d83b4
0x1d8408	FUN_001d83b4
0x1d8410	FUN_001d83b4
0x1d8418	FUN_001d83b4
0x1d842c	FUN_001d83b4
0x1d8434	FUN_001d83b4
0x1d8448	FUN_001d83b4
0x1d8450	FUN_001d83b4
0x1d8458	FUN_001d83b4
0x1d8460	FUN_001d83b4
0x1d8468	FUN_001d83b4
0x1d8470	FUN_001d83b4
0x1d8474	FUN_001d83b4
0x1d847c	FUN_001d83b4
0x1d8480	FUN_001d83b4
0x1d8488	FUN_001d83b4
0x1d8490	FUN_001d83b4
0x1d8498	FUN_001d83b4
0x1d84a0	FUN_001d83b4
0x1d84a4	FUN_001d83b4
0x1d857c	FUN_001d8548
0x1d86a8	FUN_001d8660
0x1d86ec	FUN_001d86b4
0x1d86fc	FUN_001d86b4
0x1d8704	FUN_001d86b4
0x1d8708	FUN_001d86b4
0x1d8710	FUN_001d86b4
0x1d8720	FUN_001d86b4
0x1d8734	FUN_001d86b4
0x1d873c	FUN_001d86b4
0x1d8744	FUN_001d86b4
0x1d8748	FUN_001d86b4
0x1d8750	FUN_001d86b4
0x1d8758	FUN_001d86b4
0x1d875c	FUN_001d86b4
0x1d8760	FUN_001d86b4
0x1d8768	FUN_001d86b4
0x1d8770	FUN_001d86b4
0x1d8778	FUN_001d86b4
0x1d8784	FUN_001d86b4
0x1d878c	FUN_001d86b4
0x1d8790	FUN_001d86b4
0x1d8798	FUN_001d86b4
0x1d87a0	FUN_001d86b4
0x1d87e0	FUN_001d87a8
0x1d87f4	FUN_001d87a8
0x1d87fc	FUN_001d87a8
0x1d8800	FUN_001d87a8
0x1d8808	FUN_001d87a8
0x1d8824	FUN_001d87a8
0x1d8838	FUN_001d87a8
0x1d8840	FUN_001d87a8
0x1d8848	FUN_001d87a8
0x1d8898	FUN_001d8874
0x1d88a8	FUN_001d8874
0x1d88c0	FUN_001d8874
0x1d8910	FUN_001d8874
0x1d898c	FUN_001d8944
0x1d89b0	FUN_001d8944
0x1d89d4	FUN_001d8944
0x1d89f8	FUN_001d8944
0x1d8a00	FUN_001d8944
0x1d8a10	FUN_001d8944
0x1d8a18	FUN_001d8944
0x1d8a20	FUN_001d8944
0x1d8aa4	FUN_001d8a5c
0x1d8aac	FUN_001d8a5c
0x1d8ab4	FUN_001d8a5c
0x1d8ac8	FUN_001d8a5c
0x1d8ad0	FUN_001d8a5c
0x1d8ad4	FUN_001d8a5c
0x1d8adc	FUN_001d8a5c
0x1d8ae4	FUN_001d8a5c
0x1d8aec	FUN_001d8a5c
0x1d8af0	FUN_001d8a5c
0x1d8c04	FUN_001d8bc0
0x1d8c0c	FUN_001d8bc0
0x1d8c10	FUN_001d8bc0
0x1d8cb4	FUN_001d8c70
0x1d8cb8	FUN_001d8c70
0x1d8cbc	FUN_001d8c70
0x1d8cc0	FUN_001d8c70
0x1d8cc4	FUN_001d8c70
0x1d8cc8	FUN_001d8c70
0x1d8ccc	FUN_001d8c70
0x1d8cd0	FUN_001d8c70
0x1d8cd4	FUN_001d8c70
0x1d8cd8	FUN_001d8c70
0x1d8cec	FUN_001d8c70
0x1d8d00	FUN_001d8c70
0x1d8d08	FUN_001d8c70
0x1d8d14	FUN_001d8c70
0x1d8d2c	FUN_001d8c70
0x1d8d44	FUN_001d8c70
0x1d8d48	FUN_001d8c70
0x1d8d4c	FUN_001d8c70
0x1d8d88	FUN_001d8c70
0x1d8dc0	FUN_001d8c70
0x1d8dc4	FUN_001d8c70
0x1d8dc8	FUN_001d8c70
0x1d8dcc	FUN_001d8c70
0x1d8dd0	FUN_001d8c70
0x1d8dd4	FUN_001d8c70
0x1d8dec	FUN_001d8c70
0x1d8df8	FUN_001d8c70
0x1d8e0c	FUN_001d8c70
0x1d8e10	FUN_001d8c70
0x1d8e24	FUN_001d8c70
0x1d8e38	FUN_001d8c70
0x1d8e44	FUN_001d8c70
0x1d8e5c	FUN_001d8c70
0x1d8e74	FUN_001d8c70
0x1d8e8c	FUN_001d8c70
0x1d8e90	FUN_001d8c70
0x1d8ecc	FUN_001d8c70
0x1d8f04	FUN_001d8c70
0x1d8f34	FUN_001d8c70
0x1d8f50	FUN_001d8c70
0x1d8f54	FUN_001d8c70
