0x98d8	16	orph_98d8	part_000	converted
0x98e8	16	orph_98e8	part_000	converted
0x98f8	16	orph_98f8	part_000	converted
0x9908	16	orph_9908	part_000	converted
0x9918	16	orph_9918	part_000	converted
0x9930	120	orph_9930	part_000	converted
0x9954	52	orph_9954	part_000	converted
0x9968	16	orph_9968	part_000	converted
0x9978	16	orph_9978	part_000	converted
0x9988	16	orph_9988	part_000	converted
0x9998	16	orph_9998	part_000	converted
0x99a8	120	orph_99a8	part_000	converted
0x99cc	52	orph_99cc	part_000	converted
0x99e0	16	orph_99e0	part_000	converted
0x99f0	16	orph_99f0	part_000	converted
0x9a00	16	orph_9a00	part_000	converted
0x9a10	16	orph_9a10	part_000	converted
0x9a20	20	orph_9a20	part_000	converted
0x9a34	12	orph_9a34	part_000	converted
0x9a40	12	orph_9a40	part_000	converted
0x9a4c	12	orph_9a4c	part_000	converted
0x9a58	12	orph_9a58	part_000	converted
0x9a64	12	orph_9a64	part_000	converted
0x9a70	168	orph_9a70	part_000	converted
0x9aa4	1	orph_9aa4	part_000	converted
0x9ac4	124	orph_9ac4	part_000	converted
0x9acc	128	orph_9acc	part_000	converted
0x9ad8	124	orph_9ad8	part_000	converted
0x9ae0	128	orph_9ae0	part_000	converted
0x9aec	124	orph_9aec	part_000	converted
0x9b0c	92	orph_9b0c	part_000	converted
0x9b30	36	orph_9b30	part_000	converted
0x9b54	20	orph_9b54	part_000	converted
0x9b68	1	orph_9b68	part_000	converted
0x40a9c	32	orph_40a9c	part_000	converted
0x40ac0	4	orph_40ac0	part_000	converted
0x4c544	24	orph_4c544	part_000	converted
0x535c4	44	orph_535c4	part_000	converted
0x535f0	28	orph_535f0	part_000	converted
0x76a64	80	orph_76a64	part_000	converted
0x7a174	28	orph_7a174	part_000	converted
0x7a190	16	orph_7a190	part_000	converted
0xc6e40	12	orph_c6e40	part_000	converted
0xc71d0	24	orph_c71d0	part_000	converted
0xcd380	8	orph_cd380	part_000	converted
0xce330	376	orph_ce330	part_000	converted
0xce344	376	orph_ce344	part_000	converted
0xcec34	256	orph_cec34	part_000	converted
0xcec48	256	orph_cec48	part_000	converted
0xd9f34	8	orph_d9f34	part_000	converted
0xd9f78	8	orph_d9f78	part_000	converted
0xda880	40	orph_da880	part_000	converted
0xe2084	8	orph_e2084	part_000	converted
0xe208c	8	orph_e208c	part_000	converted
0xe2884	36	orph_e2884	part_000	converted
0xe28a8	36	orph_e28a8	part_000	converted
0xe28cc	36	orph_e28cc	part_000	converted
0xe2950	36	orph_e2950	part_000	converted
0xe2974	36	orph_e2974	part_000	converted
0xe2998	36	orph_e2998	part_000	converted
0xe29bc	36	orph_e29bc	part_001	converted
0xe29e0	36	orph_e29e0	part_001	converted
0xe7650	8	orph_e7650	part_001	converted
0xec1e4	8	orph_ec1e4	part_001	converted
0x10451c	32	orph_10451c	part_001	converted
0x10dcfc	12	orph_10dcfc	part_001	converted
0x10ddf4	8	orph_10ddf4	part_001	converted
0x12841c	20	orph_12841c	part_001	converted
0x129400	8	orph_129400	part_001	converted
0x129ea0	20	orph_129ea0	part_001	converted
0x12ab70	8	orph_12ab70	part_001	converted
0x12ab78	8	orph_12ab78	part_001	converted
0x12dd48	8	orph_12dd48	part_001	converted
0x12dd50	8	orph_12dd50	part_001	converted
0x176e0c	20	orph_176e0c	part_001	converted
0x187588	32	orph_187588	part_001	converted
0x191708	8	orph_191708	part_001	converted
0x193bd0	24	orph_193bd0	part_001	converted
0x1961b0	24	orph_1961b0	part_001	converted
0x19aad8	28	orph_19aad8	part_001	converted
0x1cd664	56	orph_1cd664	part_001	converted
0x1cd69c	4	orph_1cd69c	part_001	converted
0x1cd6a0	4	orph_1cd6a0	part_001	converted
0x1cd6a4	4	orph_1cd6a4	part_001	converted
0x1cd6a8	8	orph_1cd6a8	part_001	converted
0x1cd6b0	4	orph_1cd6b0	part_001	converted
0x1cd6b4	44	orph_1cd6b4	part_001	converted
0x1cd6e0	8	orph_1cd6e0	part_001	converted
0x1cd6e8	8	orph_1cd6e8	part_001	converted
0x1cd6f0	8	orph_1cd6f0	part_001	converted
0x1cd6f8	8	orph_1cd6f8	part_001	converted
0x1cd700	8	orph_1cd700	part_001	converted
0x1cd708	24	orph_1cd708	part_001	converted
0x1cd720	8	orph_1cd720	part_001	converted
0x1cd728	8	orph_1cd728	part_001	converted
0x1cd730	8	orph_1cd730	part_001	converted
0x1cd738	8	orph_1cd738	part_001	converted
0x1cd740	8	orph_1cd740	part_001	converted
0x1cd748	8	orph_1cd748	part_001	converted
0x1cd750	8	orph_1cd750	part_001	converted
0x1cd758	8	orph_1cd758	part_001	converted
0x1cd760	8	orph_1cd760	part_001	converted
0x1cd768	8	orph_1cd768	part_001	converted
0x1cd770	8	orph_1cd770	part_001	converted
0x1cd778	8	orph_1cd778	part_001	converted
0x1cd780	8	orph_1cd780	part_001	converted
0x1cd788	8	orph_1cd788	part_001	converted
0x1cd790	8	orph_1cd790	part_001	converted
0x1cd798	8	orph_1cd798	part_001	converted
0x1cd7a0	8	orph_1cd7a0	part_001	converted
0x1cd7a8	8	orph_1cd7a8	part_001	converted
0x1cd7b0	8	orph_1cd7b0	part_001	converted
0x1cd7b8	4	orph_1cd7b8	part_001	converted
0x1cd7d8	20	orph_1cd7d8	part_001	converted
0x1cdbf8	4	orph_1cdbf8	part_001	converted
0x1cdbfc	8	orph_1cdbfc	part_001	converted
0x1cdc04	8	orph_1cdc04	part_001	converted
0x1cdc0c	8	orph_1cdc0c	part_001	converted
0x1cdc14	8	orph_1cdc14	part_001	converted
0x1cdc1c	8	orph_1cdc1c	part_001	converted
0x1cdc24	8	orph_1cdc24	part_002	converted
0x1cdc2c	8	orph_1cdc2c	part_002	converted
0x1cdc34	8	orph_1cdc34	part_002	converted
0x1cdc3c	8	orph_1cdc3c	part_002	converted
0x1cdc44	8	orph_1cdc44	part_002	converted
0x1cdc4c	8	orph_1cdc4c	part_002	converted
0x1cdc54	8	orph_1cdc54	part_002	converted
0x1cdc5c	8	orph_1cdc5c	part_002	converted
0x1cdc80	8	orph_1cdc80	part_002	converted
0x1cdca4	8	orph_1cdca4	part_002	converted
0x1cdcc8	8	orph_1cdcc8	part_002	converted
0x1cdcec	8	orph_1cdcec	part_002	converted
0x1cdcf4	8	orph_1cdcf4	part_002	converted
0x1cdd18	8	orph_1cdd18	part_002	converted
0x1cdd3c	8	orph_1cdd3c	part_002	converted
0x1cdd7c	8	orph_1cdd7c	part_002	converted
0x1cdda0	8	orph_1cdda0	part_002	converted
0x1cddc4	8	orph_1cddc4	part_002	converted
0x1cdde8	8	orph_1cdde8	part_002	converted
0x1cde0c	8	orph_1cde0c	part_002	converted
0x1cde14	4	orph_1cde14	part_002	converted
0x1ce61c	116	orph_1ce61c	part_002	converted
0x1ce648	24	orph_1ce648	part_002	converted
0x1ce660	24	orph_1ce660	part_002	converted
0x1ce678	24	orph_1ce678	part_002	converted
0x1ce690	28	orph_1ce690	part_002	converted
0x1ce6ac	8	orph_1ce6ac	part_002	converted
0x1ce6d0	8	orph_1ce6d0	part_002	converted
0x1ce6f4	8	orph_1ce6f4	part_002	converted
0x1ce76c	8	orph_1ce76c	part_002	converted
0x1ce790	8	orph_1ce790	part_002	converted
0x1ce7d0	8	orph_1ce7d0	part_002	converted
0x1ce7f4	4	orph_1ce7f4	part_002	converted
0x1ce7f8	8	orph_1ce7f8	part_002	converted
0x1ce838	8	orph_1ce838	part_002	converted
0x1ce840	8	orph_1ce840	part_002	converted
0x1ce848	8	orph_1ce848	part_002	converted
0x1ce850	8	orph_1ce850	part_002	converted
0x1ce858	8	orph_1ce858	part_002	converted
0x1ce87c	8	orph_1ce87c	part_002	converted
0x1ce884	8	orph_1ce884	part_002	converted
0x1ce88c	8	orph_1ce88c	part_002	converted
0x1ce8b0	8	orph_1ce8b0	part_002	converted
0x1ce8b8	4	orph_1ce8b8	part_002	converted
0x1ce8bc	4	orph_1ce8bc	part_002	converted
0x1ce8c0	8	orph_1ce8c0	part_002	converted
0x1ce8c8	8	orph_1ce8c8	part_002	converted
0x1ce8d0	8	orph_1ce8d0	part_002	converted
0x1ce8f4	8	orph_1ce8f4	part_002	converted
0x1ce8fc	4	orph_1ce8fc	part_002	converted
0x1ce900	4	orph_1ce900	part_002	converted
0x1ce904	8	orph_1ce904	part_002	converted
0x1ce90c	8	orph_1ce90c	part_002	converted
0x1ce914	8	orph_1ce914	part_002	converted
0x1ce938	8	orph_1ce938	part_002	converted
0x1ce940	4	orph_1ce940	part_002	converted
0x1ce944	4	orph_1ce944	part_002	converted
0x1ce948	8	orph_1ce948	part_002	converted
0x1ce950	8	orph_1ce950	part_002	converted
0x1ce958	4	orph_1ce958	part_002	converted
0x1ce978	8	orph_1ce978	part_003	converted
0x1ce980	4	orph_1ce980	part_003	converted
0x1ce984	4	orph_1ce984	part_003	converted
0x1ce988	8	orph_1ce988	part_003	converted
0x1ce990	28	orph_1ce990	part_003	converted
0x1ce9ac	8	orph_1ce9ac	part_003	converted
0x1ce9d0	8	orph_1ce9d0	part_003	converted
0x1ce9d8	8	orph_1ce9d8	part_003	converted
0x1ce9e0	28	orph_1ce9e0	part_003	converted
0x1ce9fc	8	orph_1ce9fc	part_003	converted
0x1cea04	8	orph_1cea04	part_003	converted
0x1cea0c	8	orph_1cea0c	part_003	converted
0x1cea14	8	orph_1cea14	part_003	converted
0x1cea1c	8	orph_1cea1c	part_003	converted
0x1cea40	8	orph_1cea40	part_003	converted
0x1cea48	28	orph_1cea48	part_003	converted
0x1cea64	8	orph_1cea64	part_003	converted
0x1cea6c	28	orph_1cea6c	part_003	converted
0x1cea88	8	orph_1cea88	part_003	converted
0x1cea90	8	orph_1cea90	part_003	converted
0x1cea98	8	orph_1cea98	part_003	converted
0x1ceaa0	28	orph_1ceaa0	part_003	converted
0x1ceabc	8	orph_1ceabc	part_003	converted
0x1ceac4	8	orph_1ceac4	part_003	converted
0x1ceacc	28	orph_1ceacc	part_003	converted
0x1ceae8	8	orph_1ceae8	part_003	converted
0x1ceaf0	8	orph_1ceaf0	part_003	converted
0x1ceaf8	28	orph_1ceaf8	part_003	converted
0x1ceb14	28	orph_1ceb14	part_003	converted
0x1ceb30	8	orph_1ceb30	part_003	converted
0x1ceb38	8	orph_1ceb38	part_003	converted
0x1ceb40	8	orph_1ceb40	part_003	converted
0x1ceb48	28	orph_1ceb48	part_003	converted
0x1ceb64	28	orph_1ceb64	part_003	converted
0x1ceb80	28	orph_1ceb80	part_003	converted
0x1ceb9c	8	orph_1ceb9c	part_003	converted
0x1ceba4	8	orph_1ceba4	part_003	converted
0x1cebac	8	orph_1cebac	part_003	converted
0x1cebd0	4	orph_1cebd0	part_003	converted
0x1cebd4	8	orph_1cebd4	part_003	converted
0x1cebdc	8	orph_1cebdc	part_003	converted
0x1cec00	8	orph_1cec00	part_003	converted
0x1cec08	28	orph_1cec08	part_003	converted
0x1cec24	28	orph_1cec24	part_003	converted
0x1cec40	8	orph_1cec40	part_003	converted
0x1cec48	8	orph_1cec48	part_003	converted
0x1cec6c	32	orph_1cec6c	part_003	converted
0x1cec8c	32	orph_1cec8c	part_003	converted
0x1cecac	12	orph_1cecac	part_003	converted
0x1cecb8	8	orph_1cecb8	part_003	converted
0x1cffec	8	orph_1cffec	part_003	converted
0x1cfff4	4	orph_1cfff4	part_003	converted
0x1cfff8	4	orph_1cfff8	part_003	converted
0x1cfffc	4	orph_1cfffc	part_003	converted
0x1d0020	8	orph_1d0020	part_003	converted
0x1d0028	8	orph_1d0028	part_003	converted
0x1d0030	8	orph_1d0030	part_003	converted
0x1d0038	4	orph_1d0038	part_003	converted
0x1d003c	4	orph_1d003c	part_003	converted
0x1d0040	8	orph_1d0040	part_003	converted
0x1d0048	4	orph_1d0048	part_004	converted
0x1d004c	4	orph_1d004c	part_004	converted
0x1d0050	4	orph_1d0050	part_004	converted
0x1d0054	4	orph_1d0054	part_004	converted
0x1d0058	8	orph_1d0058	part_004	converted
0x1d0060	8	orph_1d0060	part_004	converted
0x1d0068	8	orph_1d0068	part_004	converted
0x1d0090	8	orph_1d0090	part_004	converted
0x1d0098	8	orph_1d0098	part_004	converted
0x1d00a0	8	orph_1d00a0	part_004	converted
0x1d00a8	8	orph_1d00a8	part_004	converted
0x1d00b0	8	orph_1d00b0	part_004	converted
0x1d00b8	8	orph_1d00b8	part_004	converted
0x1d00c0	8	orph_1d00c0	part_004	converted
0x1d00c8	8	orph_1d00c8	part_004	converted
0x1d00d0	8	orph_1d00d0	part_004	converted
0x1d00d8	8	orph_1d00d8	part_004	converted
0x1d00e0	8	orph_1d00e0	part_004	converted
0x1d00e8	8	orph_1d00e8	part_004	converted
0x1d00f0	8	orph_1d00f0	part_004	converted
0x1d00f8	8	orph_1d00f8	part_004	converted
0x1d0100	4	orph_1d0100	part_004	converted
0x1d0104	8	orph_1d0104	part_004	converted
0x1d010c	8	orph_1d010c	part_004	converted
0x1d0114	8	orph_1d0114	part_004	converted
0x1d011c	36	orph_1d011c	part_004	converted
0x1d0140	4	orph_1d0140	part_004	converted
0x1d0144	8	orph_1d0144	part_004	converted
0x1d016c	8	orph_1d016c	part_004	converted
0x1d0174	8	orph_1d0174	part_004	converted
0x1d017c	8	orph_1d017c	part_004	converted
0x1d0184	8	orph_1d0184	part_004	converted
0x1d018c	4	orph_1d018c	part_004	converted
0x1d0190	8	orph_1d0190	part_004	converted
0x1d0198	4	orph_1d0198	part_004	converted
0x1d019c	8	orph_1d019c	part_004	converted
0x1d01a4	4	orph_1d01a4	part_004	converted
0x1d01a8	4	orph_1d01a8	part_004	converted
0x1d01ac	4	orph_1d01ac	part_004	converted
0x1d01f8	4	orph_1d01f8	part_004	converted
0x1d01fc	8	orph_1d01fc	part_004	converted
0x1d0204	4	orph_1d0204	part_004	converted
0x1d0250	8	orph_1d0250	part_004	converted
0x1d0258	8	orph_1d0258	part_004	converted
0x1d0260	24	orph_1d0260	part_004	converted
0x1d0398	24	orph_1d0398	part_004	converted
0x1d03b0	24	orph_1d03b0	part_004	converted
0x1d03c8	20	orph_1d03c8	part_004	converted
0x1d03dc	24	orph_1d03dc	part_004	converted
0x1d03f4	24	orph_1d03f4	part_004	converted
0x1d040c	28	orph_1d040c	part_004	converted
0x1d0428	24	orph_1d0428	part_004	converted
0x1d0440	24	orph_1d0440	part_004	converted
0x1d0458	24	orph_1d0458	part_004	converted
0x1d0470	24	orph_1d0470	part_004	converted
0x1d0488	24	orph_1d0488	part_004	converted
0x1d04a0	32	orph_1d04a0	part_004	converted
0x1d04c0	32	orph_1d04c0	part_004	converted
0x1d04e0	36	orph_1d04e0	part_004	converted
0x1d0504	36	orph_1d0504	part_004	converted
0x1d0528	32	orph_1d0528	part_005	converted
0x1d0548	32	orph_1d0548	part_005	converted
0x1d0568	28	orph_1d0568	part_005	converted
0x1d0584	28	orph_1d0584	part_005	converted
0x1d05a0	16	orph_1d05a0	part_005	converted
0x1d096c	24	orph_1d096c	part_005	converted
0x1d0984	24	orph_1d0984	part_005	converted
0x1d099c	24	orph_1d099c	part_005	converted
0x1d0b6c	40	orph_1d0b6c	part_005	converted
0x1d0cb4	36	orph_1d0cb4	part_005	converted
0x1d0d1c	44	orph_1d0d1c	part_005	converted
0x1d0d38	16	orph_1d0d38	part_005	converted
0x1d0d48	36	orph_1d0d48	part_005	converted
0x1d0d6c	8	orph_1d0d6c	part_005	converted
0x1d0d74	8	orph_1d0d74	part_005	converted
0x1d0d7c	56	orph_1d0d7c	part_005	converted
0x1d0db4	4	orph_1d0db4	part_005	converted
0x1d0db8	4	orph_1d0db8	part_005	converted
0x1d0dbc	4	orph_1d0dbc	part_005	converted
0x1d0dc0	4	orph_1d0dc0	part_005	converted
0x1d0dc4	4	orph_1d0dc4	part_005	converted
0x1d0dc8	4	orph_1d0dc8	part_005	converted
0x1d0dcc	4	orph_1d0dcc	part_005	converted
0x1d0dd0	4	orph_1d0dd0	part_005	converted
0x1d0dd4	4	orph_1d0dd4	part_005	converted
0x1d0dd8	4	orph_1d0dd8	part_005	converted
0x1d0ddc	4	orph_1d0ddc	part_005	converted
0x1d0de0	4	orph_1d0de0	part_005	converted
0x1d0de4	4	orph_1d0de4	part_005	converted
0x1d0de8	4	orph_1d0de8	part_005	converted
0x1d0dec	4	orph_1d0dec	part_005	converted
0x1d0df0	4	orph_1d0df0	part_005	converted
0x1d0df4	4	orph_1d0df4	part_005	converted
0x1d0df8	4	orph_1d0df8	part_005	converted
0x1d0dfc	4	orph_1d0dfc	part_005	converted
0x1d0e00	4	orph_1d0e00	part_005	converted
0x1d0e04	4	orph_1d0e04	part_005	converted
0x1d0e08	4	orph_1d0e08	part_005	converted
0x1d78a8	8	orph_1d78a8	part_005	converted
0x1d78b0	8	orph_1d78b0	part_005	converted
0x1d78b8	8	orph_1d78b8	part_005	converted
0x1d78c0	8	orph_1d78c0	part_005	converted
0x1d78c8	8	orph_1d78c8	part_005	converted
0x1d78d0	8	orph_1d78d0	part_005	converted
0x1d78d8	8	orph_1d78d8	part_005	converted
0x1d78e0	8	orph_1d78e0	part_005	converted
0x1d78e8	8	orph_1d78e8	part_005	converted
0x1d78f0	8	orph_1d78f0	part_005	converted
0x1d78f8	8	orph_1d78f8	part_005	converted
0x1d7900	8	orph_1d7900	part_005	converted
0x1d7908	8	orph_1d7908	part_005	converted
0x1d7910	8	orph_1d7910	part_005	converted
0x1d7918	8	orph_1d7918	part_005	converted
0x1d7920	8	orph_1d7920	part_005	converted
0x1d7928	8	orph_1d7928	part_005	converted
0x1d7930	8	orph_1d7930	part_005	converted
0x1d7938	8	orph_1d7938	part_005	converted
0x1d7940	8	orph_1d7940	part_005	converted
0x1d7948	8	orph_1d7948	part_005	converted
0x1d82c4	4	orph_1d82c4	part_005	converted
0x1d82c8	8	orph_1d82c8	part_006	converted
0x1d82d0	8	orph_1d82d0	part_006	converted
0x1d82d8	8	orph_1d82d8	part_006	converted
0x1d82e0	8	orph_1d82e0	part_006	converted
0x1d82e8	8	orph_1d82e8	part_006	converted
0x1d82f0	8	orph_1d82f0	part_006	converted
0x1d82f8	4	orph_1d82f8	part_006	converted
0x1d82fc	4	orph_1d82fc	part_006	converted
0x1d8300	8	orph_1d8300	part_006	converted
0x1d8308	8	orph_1d8308	part_006	converted
0x1d8310	4	orph_1d8310	part_006	converted
0x1d8314	4	orph_1d8314	part_006	converted
0x1d83e8	8	orph_1d83e8	part_006	converted
0x1d83f0	8	orph_1d83f0	part_006	converted
0x1d83f8	8	orph_1d83f8	part_006	converted
0x1d8400	8	orph_1d8400	part_006	converted
0x1d8408	8	orph_1d8408	part_006	converted
0x1d8410	8	orph_1d8410	part_006	converted
0x1d8418	20	orph_1d8418	part_006	converted
0x1d842c	8	orph_1d842c	part_006	converted
0x1d8434	20	orph_1d8434	part_006	converted
0x1d8448	8	orph_1d8448	part_006	converted
0x1d8450	8	orph_1d8450	part_006	converted
0x1d8458	8	orph_1d8458	part_006	converted
0x1d8460	8	orph_1d8460	part_006	converted
0x1d8468	8	orph_1d8468	part_006	converted
0x1d8470	4	orph_1d8470	part_006	converted
0x1d8474	8	orph_1d8474	part_006	converted
0x1d847c	4	orph_1d847c	part_006	converted
0x1d8480	8	orph_1d8480	part_006	converted
0x1d8488	8	orph_1d8488	part_006	converted
0x1d8490	8	orph_1d8490	part_006	converted
0x1d8498	8	orph_1d8498	part_006	converted
0x1d84a0	4	orph_1d84a0	part_006	converted
0x1d84a4	8	orph_1d84a4	part_006	converted
0x1d857c	8	orph_1d857c	part_006	converted
0x1d86a8	12	orph_1d86a8	part_006	converted
0x1d86ec	16	orph_1d86ec	part_006	converted
0x1d86fc	8	orph_1d86fc	part_006	converted
0x1d8704	4	orph_1d8704	part_006	converted
0x1d8708	8	orph_1d8708	part_006	converted
0x1d8710	16	orph_1d8710	part_006	converted
0x1d8720	20	orph_1d8720	part_006	converted
0x1d8734	8	orph_1d8734	part_006	converted
0x1d873c	8	orph_1d873c	part_006	converted
0x1d8744	4	orph_1d8744	part_006	converted
0x1d8748	8	orph_1d8748	part_006	converted
0x1d8750	8	orph_1d8750	part_006	converted
0x1d8758	4	orph_1d8758	part_006	converted
0x1d875c	4	orph_1d875c	part_006	converted
0x1d8760	8	orph_1d8760	part_006	converted
0x1d8768	8	orph_1d8768	part_006	converted
0x1d8770	8	orph_1d8770	part_006	converted
0x1d8778	12	orph_1d8778	part_006	converted
0x1d8784	8	orph_1d8784	part_006	converted
0x1d878c	4	orph_1d878c	part_006	converted
0x1d8790	8	orph_1d8790	part_006	converted
0x1d8798	8	orph_1d8798	part_006	converted
0x1d87a0	8	orph_1d87a0	part_006	converted
0x1d87e0	20	orph_1d87e0	part_006	converted
0x1d87f4	8	orph_1d87f4	part_007	converted
0x1d87fc	4	orph_1d87fc	part_007	converted
0x1d8800	8	orph_1d8800	part_007	converted
0x1d8808	28	orph_1d8808	part_007	converted
0x1d8824	20	orph_1d8824	part_007	converted
0x1d8838	8	orph_1d8838	part_007	converted
0x1d8840	8	orph_1d8840	part_007	converted
0x1d8848	8	orph_1d8848	part_007	converted
0x1d8898	16	orph_1d8898	part_007	converted
0x1d88a8	24	orph_1d88a8	part_007	converted
0x1d88c0	80	orph_1d88c0	part_007	converted
0x1d8910	52	orph_1d8910	part_007	converted
0x1d898c	36	orph_1d898c	part_007	converted
0x1d89b0	36	orph_1d89b0	part_007	converted
0x1d89d4	36	orph_1d89d4	part_007	converted
0x1d89f8	8	orph_1d89f8	part_007	converted
0x1d8a00	24	orph_1d8a00	part_007	converted
0x1d8a10	8	orph_1d8a10	part_007	converted
0x1d8a18	8	orph_1d8a18	part_007	converted
0x1d8a20	8	orph_1d8a20	part_007	converted
0x1d8aa4	8	orph_1d8aa4	part_007	converted
0x1d8aac	8	orph_1d8aac	part_007	converted
0x1d8ab4	20	orph_1d8ab4	part_007	converted
0x1d8ac8	8	orph_1d8ac8	part_007	converted
0x1d8ad0	4	orph_1d8ad0	part_007	converted
0x1d8ad4	8	orph_1d8ad4	part_007	converted
0x1d8adc	8	orph_1d8adc	part_007	converted
0x1d8ae4	8	orph_1d8ae4	part_007	converted
0x1d8aec	4	orph_1d8aec	part_007	converted
0x1d8af0	4	orph_1d8af0	part_007	converted
0x1d8c04	8	orph_1d8c04	part_007	converted
0x1d8c0c	4	orph_1d8c0c	part_007	converted
0x1d8c10	8	orph_1d8c10	part_007	converted
0x1d8cb4	4	orph_1d8cb4	part_007	converted
0x1d8cb8	4	orph_1d8cb8	part_007	converted
0x1d8cbc	4	orph_1d8cbc	part_007	converted
0x1d8cc0	4	orph_1d8cc0	part_007	converted
0x1d8cc4	4	orph_1d8cc4	part_007	converted
0x1d8cc8	4	orph_1d8cc8	part_007	converted
0x1d8ccc	4	orph_1d8ccc	part_007	converted
0x1d8cd0	4	orph_1d8cd0	part_007	converted
0x1d8cd4	4	orph_1d8cd4	part_007	converted
0x1d8cd8	20	orph_1d8cd8	part_007	converted
0x1d8cec	20	orph_1d8cec	part_007	converted
0x1d8d00	8	orph_1d8d00	part_007	converted
0x1d8d08	12	orph_1d8d08	part_007	converted
0x1d8d14	24	orph_1d8d14	part_007	converted
0x1d8d2c	24	orph_1d8d2c	part_007	converted
0x1d8d44	4	orph_1d8d44	part_007	converted
0x1d8d48	4	orph_1d8d48	part_007	converted
0x1d8d4c	60	orph_1d8d4c	part_007	converted
0x1d8d88	56	orph_1d8d88	part_007	converted
0x1d8dc0	4	orph_1d8dc0	part_007	converted
0x1d8dc4	4	orph_1d8dc4	part_007	converted
0x1d8dc8	4	orph_1d8dc8	part_007	converted
0x1d8dcc	4	orph_1d8dcc	part_007	converted
0x1d8dd0	4	orph_1d8dd0	part_007	converted
0x1d8dd4	24	orph_1d8dd4	part_007	converted
0x1d8dec	12	orph_1d8dec	part_007	converted
0x1d8df8	24	orph_1d8df8	part_007	converted
0x1d8e0c	4	orph_1d8e0c	part_008	converted
0x1d8e10	20	orph_1d8e10	part_008	converted
0x1d8e24	20	orph_1d8e24	part_008	converted
0x1d8e38	12	orph_1d8e38	part_008	converted
0x1d8e44	24	orph_1d8e44	part_008	converted
0x1d8e5c	24	orph_1d8e5c	part_008	converted
0x1d8e74	24	orph_1d8e74	part_008	converted
0x1d8e8c	4	orph_1d8e8c	part_008	converted
0x1d8e90	60	orph_1d8e90	part_008	converted
0x1d8ecc	56	orph_1d8ecc	part_008	converted
0x1d8f04	48	orph_1d8f04	part_008	converted
0x1d8f34	28	orph_1d8f34	part_008	converted
0x1d8f50	4	orph_1d8f50	part_008	converted
0x1d8f54	4	orph_1d8f54	part_008	converted
