0x2ae0	FUN_00002ae0	2ae0-2b38;2b4c-3b9c;3ba0-4d88;4d90-5384;5390-5608;5610-5628;
0x1d1e0	FUN_0001d1e0	1d1e0-1d23c;1d240-1d308;1d310-1d31c;1d320-1d414;1d420-1d42c;1d430-1d4d4;1d4e0-1d534;1d554-1d5dc;1d5e0-1d604;1d624-1d6ac;1d6b0-1d7b4;
0x1ecd0	FUN_0001ecd0	1ecd0-1eda8;1edb0-1ee98;1eea0-1ef08;1ef10-1ef38;1ef40-1ef98;1efc0-1f05c;1f060-1f108;1f110-1f16c;1f170-1f1bc;1f1c0-1f304;1f310-1f3e4;1f3f0-1f488;1f490-1f504;1f510-1f584;1f590-1f6f4;1f700-1f7f8;1f800-1f8fc;1f900-1fcd8;1fce0-1fd00;
0x24fe0	FUN_00024fe0	24fe0-2529c;252b4-25448;25450-25648;25660-2574c;25750-25778;257c4-25818;25838-2597c;25980-25be8;
0x3b870	FUN_0003b870	3b870-3bc00;3bc18-3bd14;3bd20-3bde4;3bdf0-3be38;3be50-3be58;3be60-3bee4;3bef0-3bf74;3bfc0-3c014;3c034-3c178;3c180-3c304;
0x3d590	FUN_0003d590	3d590-3da24;3da3c-3db38;3db40-3dc84;3dc90-3dce0;3dcf8-3dde4;3ddf0-3de18;3de64-3deb8;3ded8-3e01c;3e020-3e1d0;
0x640f0	FUN_000640f0	640f0-6412c;64190-64230;
0x71bc0	FUN_00071bc0	71bc0-71d6c;71db0-7218c;721d0-725ac;725f0-734b4;734c0-73878;73880-738b4;
0x7dde0	FUN_0007dde0	7dde0-7de88;7de90-7e324;7e330-7e3cc;7e3d0-7e51c;7e520-7e854;7e860-7e8c8;7e8d0-7ebc0;7ebe0-7ec30;7ec5c-7ec8c;7ecb8-7ece8;7ed14-7ed44;7ed70-7ee18;7ee38-7ee88;7eeb4-7eee4;7ef10-7ef40;7ef6c-7ef9c;7efc8-7f070;7f090-7f0e0;7f10c-7f13c;7f168-7f198;7f1c4-7f1f4;7f220-7f2c8;7f2e8-7f338;7f364-7f394;7f3c0-7f3f0;7f41c-7f44c;7f478-7f54c;7f56c-7f5bc;7f5e8-7f618;7f644-7f674;7f6a0-7f6d0;7f6fc-7f7a4;7f7c4-7f814;7f840-7f870;7f89c-7f8cc;7f8f8-7f928;7f954-7f9fc;7fa1c-7fa6c;7fa98-7fac8;7faf4-7fb24;7fb50-7fb80;7fbac-7fc54;7fc74-7fcc4;7fcf0-7fd20;7fd4c-7fd7c;7fda8-7fdd8;7fe04-7fed8;7fef8-7ff48;7ff74-7ffa4;7ffd0-80000;8002c-8005c;80088-80130;80150-801a0;801cc-801fc;80228-80258;80284-802b4;802e0-80388;803a8-803f8;80424-80454;80480-804b0;804dc-8050c;80538-805e0;80600-80650;8067c-806ac;806d8-80708;80734-80764;80790-80944;80950-80b18;80b38-80b64;80b90-80bbc;80be8-80c14;80c40-80c6c;80c98-80d48;80d68-80d94;80dc0-80dec;80e18-80e44;80e70-80e9c;80ec8-80f78;80f98-80fc4;80ff0-8101c;81048-81074;810a0-810cc;810f8-811a8;811c8-811f4;81220-8124c;81278-812a4;812d0-812fc;81328-81400;81420-8144c;81478-814a4;814d0-814fc;81528-81554;81580-81630;81650-8167c;816a8-816d4;81700-8172c;81758-81784;817b0-81860;81880-818ac;818d8-81904;81930-8195c;81988-819b4;819e0-81a90;81ab0-81adc;81b08-81b34;81b60-81b8c;81bb8-81be4;81c10-81ce8;81d08-81d34;81d60-81d8c;81db8-81de4;81e10-81e3c;81e68-81f18;81f38-81f64;81f90-81fbc;81fe8-82014;82040-8206c;82098-82148;82168-82194;821c0-821ec;82218-82244;82270-8229c;822c8-82378;82398-823c4;823f0-8241c;82448-82474;824a0-824cc;824f8-8269c;826a0-82804;82810-828f8;
0x88920	FUN_00088920	88920-8898c;889f8-88ab4;88ac0-88b4c;88ca0-88e68;
0xac720	FUN_000ac720	ac720-ac854;ac960-ac9e4;aca10-aca6c;aca98-acaa4;acab0-acb6c;acb98-acba4;acbb0-acc64;acc90-acc9c;acca0-acd54;acd80-acd8c;acd90-acec8;acef4-acf50;acf7c-acf88;acf90-ad04c;ad078-ad084;ad090-ad144;ad170-ad17c;ad180-ad234;ad260-ad26c;ad270-ad3a8;ad3d4-ad430;ad45c-ad468;ad470-ad52c;ad558-ad564;ad570-ad624;ad650-ad65c;ad660-ad714;ad740-ad74c;ad750-ad8b4;ad8e0-ad93c;ad968-ad974;ad980-ada2c;ada58-ada64;ada70-adb1c;adb48-adb54;adb60-adc0c;adc38-adc44;adc50-ae344;ae448-aec14;aec20-aec3c;
0xaec40	FUN_000aec40	aec40-aede4;aee10-aee6c;aee98-aeea4;aeeb0-aef5c;aef88-aef94;aefa0-af04c;af078-af084;af090-af13c;af168-af174;af180-af498;af4a0-af50c;af538-af598;af5c4-af698;af6c4-af790;af7bc-af7c8;af7d0-af890;af8bc-af8c8;af8d0-af9c0;afaa0-afe40;
0xb3630	FUN_000b3630	b3630-b3944;b3950-b3994;b39d0-b3a54;b3a60-b3a68;b3a70-b3a84;b3a90-b3ae0;b3b10-b3e7c;b3ea8-b433c;b4340-b43ec;
0xbf910	FUN_000bf910	bf910-bf938;bf940-bf964;bf9e4-bfcb4;
0xc1f80	FUN_000c1f80	c1f80-c1fe8;c1ff0-c2074;c2080-c20f4;c2100-c2138;c2140-c22f8;c2300-c236c;c2370-c243c;c2440-c24ac;c24b0-c25b4;c26b8-c2704;c2710-c2824;
0xc4ce0	FUN_000c4ce0	c4ce0-c4da4;c4db0-c4dec;c4df0-c4e18;c4e20-c4e74;c4e80-c4ea4;c4eb0-c4efc;c4f00-c4f44;c4f50-c504c;c5050-c50ec;c50f0-c515c;c5160-c51fc;c5300-c5354;c5360-c53d4;c53e0-c5454;
0xc5460	FUN_000c5460	c5460-c54a0;c5520-c5528;c5530-c55b4;c5634-c57a8;
0xc57b0	FUN_000c57b0	c57b0-c57f4;c5834-c5874;c58b4-c59b8;
0xc6470	FUN_000c6470	c6470-c6584;c6590-c66bc;c66c0-c67b4;c67c0-c6818;c6820-c6998;c69c0-c6e40;
0xd0488	FUN_000d0488	d0488-d057c;d05fc-d0730;d07b0-d0888;
0xd0888	FUN_000d0888	d0888-d0974;d09c0-d0aa4;d0ae4-d0b68;
0x10b334	FUN_0010b334	10b334-10b384;10b39c-10b498;
