0xcd10c	68	eh_pad_cd10c	part_000	converted
0xd0340	28	eh_pad_d0340	part_000	converted
0xd0398	28	eh_pad_d0398	part_000	converted
0xd4ec8	28	eh_pad_d4ec8	part_000	converted
0xda180	524	eh_pad_da180	part_000	converted
0xda578	524	eh_pad_da578	part_000	converted
0xe1a08	64	eh_pad_e1a08	part_000	converted
0xe1b30	64	eh_pad_e1b30	part_000	converted
0xe1bf0	4	eh_pad_e1bf0	part_000	converted
0xe1c20	48	eh_pad_e1c20	part_000	converted
0xe21b8	4	eh_pad_e21b8	part_000	converted
0xe21cc	872	eh_pad_e21cc	part_000	converted
0xe34c8	4	eh_pad_e34c8	part_000	converted
0xe3524	32	eh_pad_e3524	part_000	converted
0xe3640	4	eh_pad_e3640	part_000	converted
0xe369c	32	eh_pad_e369c	part_000	converted
0xe3948	32	eh_pad_e3948	part_000	converted
0xe42c0	132	eh_pad_e42c0	part_000	converted
0xe5638	104	eh_pad_e5638	part_000	converted
0xe5874	4	eh_pad_e5874	part_000	converted
0xe5970	104	eh_pad_e5970	part_000	converted
0xe598c	100	eh_pad_e598c	part_000	converted
0xe5ab8	104	eh_pad_e5ab8	part_000	converted
0xe5cf4	4	eh_pad_e5cf4	part_000	converted
0xe5df0	104	eh_pad_e5df0	part_000	converted
0xe5e0c	100	eh_pad_e5e0c	part_000	converted
0xe89bc	76	eh_pad_e89bc	part_000	converted
0xe8ad4	4	eh_pad_e8ad4	part_000	converted
0xe8b20	4	eh_pad_e8b20	part_000	converted
0xe8b6c	4	eh_pad_e8b6c	part_000	converted
0xe8b8c	32	eh_pad_e8b8c	part_000	converted
0xe9e64	36	eh_pad_e9e64	part_000	converted
0xe9e78	16	eh_pad_e9e78	part_000	converted
0xe9ec8	56	eh_pad_e9ec8	part_000	converted
0xe9ffc	36	eh_pad_e9ffc	part_000	converted
0xea010	16	eh_pad_ea010	part_000	converted
0xea124	36	eh_pad_ea124	part_000	converted
0xea138	16	eh_pad_ea138	part_000	converted
0xea24c	36	eh_pad_ea24c	part_000	converted
0xea260	16	eh_pad_ea260	part_000	converted
0xea374	72	eh_pad_ea374	part_000	converted
0xea448	44	eh_pad_ea448	part_000	converted
0xea464	20	eh_pad_ea464	part_000	converted
0xea500	44	eh_pad_ea500	part_000	converted
0xea51c	20	eh_pad_ea51c	part_000	converted
0xea5bc	64	eh_pad_ea5bc	part_000	converted
0xea5d8	40	eh_pad_ea5d8	part_000	converted
0xea68c	64	eh_pad_ea68c	part_000	converted
0xea6a8	40	eh_pad_ea6a8	part_000	converted
0xea77c	44	eh_pad_ea77c	part_000	converted
0xea7f8	44	eh_pad_ea7f8	part_000	converted
0xea814	20	eh_pad_ea814	part_000	converted
0xea8f4	64	eh_pad_ea8f4	part_000	converted
0xea940	64	eh_pad_ea940	part_000	converted
0xea998	64	eh_pad_ea998	part_000	converted
0xeaac0	40	eh_pad_eaac0	part_000	converted
0xead48	56	eh_pad_ead48	part_000	converted
0xeae60	56	eh_pad_eae60	part_000	converted
0xeafac	56	eh_pad_eafac	part_000	converted
0xeb0ec	56	eh_pad_eb0ec	part_000	converted
0xeb210	56	eh_pad_eb210	part_001	converted
0xeb340	56	eh_pad_eb340	part_001	converted
0xeb494	64	eh_pad_eb494	part_001	converted
0xeb4e0	64	eh_pad_eb4e0	part_001	converted
0xeb538	64	eh_pad_eb538	part_001	converted
0xeb660	40	eh_pad_eb660	part_001	converted
0xeb734	44	eh_pad_eb734	part_001	converted
0xeb7b0	44	eh_pad_eb7b0	part_001	converted
0xeb7cc	20	eh_pad_eb7cc	part_001	converted
0xeb8a8	56	eh_pad_eb8a8	part_001	converted
0xeb9a8	56	eh_pad_eb9a8	part_001	converted
0xeba88	60	eh_pad_eba88	part_001	converted
0xebaa4	36	eh_pad_ebaa4	part_001	converted
0xebb70	60	eh_pad_ebb70	part_001	converted
0xebb8c	36	eh_pad_ebb8c	part_001	converted
0xebcb4	72	eh_pad_ebcb4	part_001	converted
0xebe24	56	eh_pad_ebe24	part_001	converted
0xebf38	56	eh_pad_ebf38	part_001	converted
0xec038	56	eh_pad_ec038	part_001	converted
0xec56c	72	eh_pad_ec56c	part_001	converted
0xecf5c	80	eh_pad_ecf5c	part_001	converted
0xed0e4	64	eh_pad_ed0e4	part_001	converted
0xed25c	64	eh_pad_ed25c	part_001	converted
0xedbf0	424	eh_pad_edbf0	part_001	converted
0xee114	4	eh_pad_ee114	part_001	converted
0xee214	4	eh_pad_ee214	part_001	converted
0xee244	28	eh_pad_ee244	part_001	converted
0xee27c	32	eh_pad_ee27c	part_001	converted
0xee618	4	eh_pad_ee618	part_001	converted
0xee718	4	eh_pad_ee718	part_001	converted
0xee748	28	eh_pad_ee748	part_001	converted
0xee780	32	eh_pad_ee780	part_001	converted
0xee830	380	eh_pad_ee830	part_001	converted
0xeede8	100	eh_pad_eede8	part_001	converted
0xef038	460	eh_pad_ef038	part_001	converted
0xef79c	4	eh_pad_ef79c	part_001	converted
0xef7f8	228	eh_pad_ef7f8	part_001	converted
0xefaf0	732	eh_pad_efaf0	part_001	converted
0xefb0c	728	eh_pad_efb0c	part_001	converted
0xefe3c	4	eh_pad_efe3c	part_001	converted
0xefea0	28	eh_pad_efea0	part_001	converted
0xf001c	384	eh_pad_f001c	part_001	converted
0xf02c0	512	eh_pad_f02c0	part_001	converted
0xf0978	2764	eh_pad_f0978	part_001	converted
0xf09bc	2732	eh_pad_f09bc	part_001	converted
0xf157c	1940	eh_pad_f157c	part_001	converted
0xf293c	172	eh_pad_f293c	part_001	converted
0xf2960	140	eh_pad_f2960	part_001	converted
0xf2984	108	eh_pad_f2984	part_001	converted
0xf29b8	60	eh_pad_f29b8	part_001	converted
0xf513c	240	eh_pad_f513c	part_001	converted
0xf6c50	184	eh_pad_f6c50	part_001	converted
0xf8258	372	eh_pad_f8258	part_001	converted
0xf8430	344	eh_pad_f8430	part_001	converted
0xf8908	68	eh_pad_f8908	part_001	converted
0xf95e4	336	eh_pad_f95e4	part_001	converted
0xf97a8	336	eh_pad_f97a8	part_001	converted
0xf9870	336	eh_pad_f9870	part_001	converted
0xf990c	332	eh_pad_f990c	part_001	converted
0xfa144	1048	eh_pad_fa144	part_001	converted
0xfa27c	1048	eh_pad_fa27c	part_002	converted
0xfa45c	4	eh_pad_fa45c	part_002	converted
0xfa544	1044	eh_pad_fa544	part_002	converted
0xfaeb4	240	eh_pad_faeb4	part_002	converted
0xfb584	4	eh_pad_fb584	part_002	converted
0xfb690	4	eh_pad_fb690	part_002	converted
0xfb77c	4	eh_pad_fb77c	part_002	converted
0xfb974	4	eh_pad_fb974	part_002	converted
0xfbb88	28	eh_pad_fbb88	part_002	converted
0xfbe00	3848	eh_pad_fbe00	part_002	converted
0xfd760	18284	eh_pad_fd760	part_002	converted
0xfd7c4	18292	eh_pad_fd7c4	part_002	converted
0xfd820	18288	eh_pad_fd820	part_002	converted
0xfd8ac	4	eh_pad_fd8ac	part_002	converted
0xfd8fc	18284	eh_pad_fd8fc	part_002	converted
0xfd918	4	eh_pad_fd918	part_002	converted
0xfdebc	4	eh_pad_fdebc	part_002	converted
0xfdfa4	4	eh_pad_fdfa4	part_002	converted
0xfe8b0	4	eh_pad_fe8b0	part_002	converted
0xfe910	608	eh_pad_fe910	part_002	converted
0xfe9f0	4	eh_pad_fe9f0	part_002	converted
0xfeb38	4	eh_pad_feb38	part_002	converted
0xfeb78	3112	eh_pad_feb78	part_002	converted
0xff7a0	4	eh_pad_ff7a0	part_002	converted
0xff864	4	eh_pad_ff864	part_002	converted
0xffcf8	13660	eh_pad_ffcf8	part_002	converted
0xffd5c	4	eh_pad_ffd5c	part_002	converted
0x10042c	11848	eh_pad_10042c	part_002	converted
0x1004a8	11752	eh_pad_1004a8	part_002	converted
0x102754	4	eh_pad_102754	part_002	converted
0x102828	4	eh_pad_102828	part_002	converted
0x102a78	732	eh_pad_102a78	part_002	converted
0x102b04	4	eh_pad_102b04	part_002	converted
0x102c5c	4	eh_pad_102c5c	part_002	converted
0x102cb8	4	eh_pad_102cb8	part_002	converted
0x102da4	4	eh_pad_102da4	part_002	converted
0x102e6c	4	eh_pad_102e6c	part_002	converted
0x102f4c	4	eh_pad_102f4c	part_002	converted
0x103014	2000	eh_pad_103014	part_002	converted
0x103174	668	eh_pad_103174	part_002	converted
0x1032ec	4	eh_pad_1032ec	part_002	converted
0x103414	1676	eh_pad_103414	part_002	converted
0x1034d8	4	eh_pad_1034d8	part_002	converted
0x10361c	384	eh_pad_10361c	part_002	converted
0x10379c	1188	eh_pad_10379c	part_002	converted
0x103cec	1460	eh_pad_103cec	part_002	converted
0x105164	72	eh_pad_105164	part_002	converted
0x105180	48	eh_pad_105180	part_002	converted
0x1052e8	72	eh_pad_1052e8	part_002	converted
0x105304	48	eh_pad_105304	part_002	converted
0x1053cc	288	eh_pad_1053cc	part_002	converted
0x10635c	288	eh_pad_10635c	part_002	converted
0x1073a4	56	eh_pad_1073a4	part_002	converted
0x1074a8	56	eh_pad_1074a8	part_002	converted
0x1075c8	56	eh_pad_1075c8	part_002	converted
0x107734	56	eh_pad_107734	part_002	converted
0x1077b0	56	eh_pad_1077b0	part_002	converted
0x10782c	56	eh_pad_10782c	part_002	converted
0x1078f4	56	eh_pad_1078f4	part_002	converted
0x107b14	56	eh_pad_107b14	part_002	converted
0x107c38	56	eh_pad_107c38	part_003	converted
0x107cb4	56	eh_pad_107cb4	part_003	converted
0x107e38	56	eh_pad_107e38	part_003	converted
0x107eb4	56	eh_pad_107eb4	part_003	converted
0x107f98	56	eh_pad_107f98	part_003	converted
0x10802c	56	eh_pad_10802c	part_003	converted
0x1080a8	56	eh_pad_1080a8	part_003	converted
0x10813c	56	eh_pad_10813c	part_003	converted
0x108204	56	eh_pad_108204	part_003	converted
0x108280	56	eh_pad_108280	part_003	converted
0x108394	56	eh_pad_108394	part_003	converted
0x108410	56	eh_pad_108410	part_003	converted
0x1084fc	56	eh_pad_1084fc	part_003	converted
0x108578	56	eh_pad_108578	part_003	converted
0x1086c4	36	eh_pad_1086c4	part_003	converted
0x10874c	36	eh_pad_10874c	part_003	converted
0x1087cc	36	eh_pad_1087cc	part_003	converted
0x10884c	36	eh_pad_10884c	part_003	converted
0x108a2c	36	eh_pad_108a2c	part_003	converted
0x108ab4	36	eh_pad_108ab4	part_003	converted
0x108b1c	56	eh_pad_108b1c	part_003	converted
0x108bb4	56	eh_pad_108bb4	part_003	converted
0x108c30	56	eh_pad_108c30	part_003	converted
0x108f24	56	eh_pad_108f24	part_003	converted
0x1094c4	56	eh_pad_1094c4	part_003	converted
0x109684	56	eh_pad_109684	part_003	converted
0x10972c	56	eh_pad_10972c	part_003	converted
0x1097d8	56	eh_pad_1097d8	part_003	converted
0x109854	56	eh_pad_109854	part_003	converted
0x109900	56	eh_pad_109900	part_003	converted
0x1099a4	56	eh_pad_1099a4	part_003	converted
0x109a48	56	eh_pad_109a48	part_003	converted
0x109bb8	56	eh_pad_109bb8	part_003	converted
0x109d94	56	eh_pad_109d94	part_003	converted
0x109ec8	56	eh_pad_109ec8	part_003	converted
0x109fe4	56	eh_pad_109fe4	part_003	converted
0x10a108	56	eh_pad_10a108	part_003	converted
0x10a284	56	eh_pad_10a284	part_003	converted
0x10a374	36	eh_pad_10a374	part_003	converted
0x10a450	36	eh_pad_10a450	part_003	converted
0x10a4d4	56	eh_pad_10a4d4	part_003	converted
0x10a56c	56	eh_pad_10a56c	part_003	converted
0x10a5e8	56	eh_pad_10a5e8	part_003	converted
0x10a684	56	eh_pad_10a684	part_003	converted
0x10a720	56	eh_pad_10a720	part_003	converted
0x10a79c	56	eh_pad_10a79c	part_003	converted
0x10adb4	108	eh_pad_10adb4	part_003	converted
0x10b000	280	eh_pad_10b000	part_003	converted
0x10be9c	52	eh_pad_10be9c	part_003	converted
0x10c268	276	eh_pad_10c268	part_003	converted
0x10d31c	60	eh_pad_10d31c	part_003	converted
0x10d5e4	180	eh_pad_10d5e4	part_003	converted
0x10d88c	4	eh_pad_10d88c	part_003	converted
0x10d948	204	eh_pad_10d948	part_003	converted
0x10e0d0	4	eh_pad_10e0d0	part_003	converted
0x10e100	4	eh_pad_10e100	part_003	converted
0x10e104	16	eh_pad_10e104	part_003	converted
0x10e194	4	eh_pad_10e194	part_003	converted
0x10e1c4	4	eh_pad_10e1c4	part_003	converted
0x10e1c8	16	eh_pad_10e1c8	part_003	converted
0x10e25c	4	eh_pad_10e25c	part_004	converted
0x10e28c	4	eh_pad_10e28c	part_004	converted
0x10e290	16	eh_pad_10e290	part_004	converted
0x10e324	4	eh_pad_10e324	part_004	converted
0x10e354	4	eh_pad_10e354	part_004	converted
0x10e358	16	eh_pad_10e358	part_004	converted
0x1100ec	424	eh_pad_1100ec	part_004	converted
0x11035c	1912	eh_pad_11035c	part_004	converted
0x110c3c	4	eh_pad_110c3c	part_004	converted
0x110e90	1912	eh_pad_110e90	part_004	converted
0x110eac	28	eh_pad_110eac	part_004	converted
0x110ef0	1912	eh_pad_110ef0	part_004	converted
0x1119bc	1912	eh_pad_1119bc	part_004	converted
0x111c8c	1220	eh_pad_111c8c	part_004	converted
0x112250	1296	eh_pad_112250	part_004	converted
0x112678	548	eh_pad_112678	part_004	converted
0x1127c0	224	eh_pad_1127c0	part_004	converted
0x11ed40	392	eh_pad_11ed40	part_004	converted
0x11f7c4	56	eh_pad_11f7c4	part_004	converted
0x11ff30	56	eh_pad_11ff30	part_004	converted
0x120db4	320	eh_pad_120db4	part_004	converted
0x120e14	320	eh_pad_120e14	part_004	converted
0x120e74	320	eh_pad_120e74	part_004	converted
0x120ea8	320	eh_pad_120ea8	part_004	converted
0x120ec4	316	eh_pad_120ec4	part_004	converted
0x121488	112	eh_pad_121488	part_004	converted
0x1214d0	44	eh_pad_1214d0	part_004	converted
0x12165c	4	eh_pad_12165c	part_004	converted
0x1216c0	4	eh_pad_1216c0	part_004	converted
0x121754	4	eh_pad_121754	part_004	converted
0x1217e8	4	eh_pad_1217e8	part_004	converted
0x12187c	4	eh_pad_12187c	part_004	converted
0x121920	48	eh_pad_121920	part_004	converted
0x121a4c	4	eh_pad_121a4c	part_004	converted
0x121a98	4	eh_pad_121a98	part_004	converted
0x121ae4	4	eh_pad_121ae4	part_004	converted
0x121b18	4	eh_pad_121b18	part_004	converted
0x121b98	4	eh_pad_121b98	part_004	converted
0x121be4	4	eh_pad_121be4	part_004	converted
0x121c30	4	eh_pad_121c30	part_004	converted
0x121c5c	28	eh_pad_121c5c	part_004	converted
0x121d48	4	eh_pad_121d48	part_004	converted
0x121e28	4	eh_pad_121e28	part_004	converted
0x121f08	28	eh_pad_121f08	part_004	converted
0x1220ec	48	eh_pad_1220ec	part_004	converted
0x122dd0	24	eh_pad_122dd0	part_004	converted
0x123178	128	eh_pad_123178	part_004	converted
0x12320c	124	eh_pad_12320c	part_004	converted
0x12331c	124	eh_pad_12331c	part_004	converted
0x1238a8	4	eh_pad_1238a8	part_004	converted
0x1238c8	32	eh_pad_1238c8	part_004	converted
0x1239f4	4	eh_pad_1239f4	part_004	converted
0x123a14	32	eh_pad_123a14	part_004	converted
0x123b5c	172	eh_pad_123b5c	part_004	converted
0x123d84	4	eh_pad_123d84	part_004	converted
0x123e78	28	eh_pad_123e78	part_004	converted
0x123eac	4	eh_pad_123eac	part_004	converted
0x124004	164	eh_pad_124004	part_004	converted
0x12415c	132	eh_pad_12415c	part_004	converted
0x12429c	128	eh_pad_12429c	part_004	converted
0x1242d0	124	eh_pad_1242d0	part_005	converted
0x1243cc	128	eh_pad_1243cc	part_005	converted
0x124400	124	eh_pad_124400	part_005	converted
0x1244f8	128	eh_pad_1244f8	part_005	converted
0x12452c	124	eh_pad_12452c	part_005	converted
0x1246b8	72	eh_pad_1246b8	part_005	converted
0x1246f4	48	eh_pad_1246f4	part_005	converted
0x124834	72	eh_pad_124834	part_005	converted
0x124870	48	eh_pad_124870	part_005	converted
0x124a50	88	eh_pad_124a50	part_005	converted
0x124ae4	64	eh_pad_124ae4	part_005	converted
0x124bc4	88	eh_pad_124bc4	part_005	converted
0x124c54	64	eh_pad_124c54	part_005	converted
0x124d34	88	eh_pad_124d34	part_005	converted
0x124dc4	64	eh_pad_124dc4	part_005	converted
0x124ee8	72	eh_pad_124ee8	part_005	converted
0x1250ac	48	eh_pad_1250ac	part_005	converted
0x12515c	72	eh_pad_12515c	part_005	converted
0x125320	48	eh_pad_125320	part_005	converted
0x12541c	72	eh_pad_12541c	part_005	converted
0x1254a4	72	eh_pad_1254a4	part_005	converted
0x1255e4	72	eh_pad_1255e4	part_005	converted
0x125780	48	eh_pad_125780	part_005	converted
0x12587c	72	eh_pad_12587c	part_005	converted
0x125904	72	eh_pad_125904	part_005	converted
0x125a44	72	eh_pad_125a44	part_005	converted
0x125be0	48	eh_pad_125be0	part_005	converted
0x125c78	20	eh_pad_125c78	part_005	converted
0x125cf4	20	eh_pad_125cf4	part_005	converted
0x125e6c	88	eh_pad_125e6c	part_005	converted
0x125f00	64	eh_pad_125f00	part_005	converted
0x1262c8	72	eh_pad_1262c8	part_005	converted
0x126348	48	eh_pad_126348	part_005	converted
0x126414	72	eh_pad_126414	part_005	converted
0x126494	48	eh_pad_126494	part_005	converted
0x126840	56	eh_pad_126840	part_005	converted
0x12694c	56	eh_pad_12694c	part_005	converted
0x1269d8	56	eh_pad_1269d8	part_005	converted
0x126a64	56	eh_pad_126a64	part_005	converted
0x126af0	56	eh_pad_126af0	part_005	converted
0x126b7c	56	eh_pad_126b7c	part_005	converted
0x126c08	56	eh_pad_126c08	part_005	converted
0x126c94	56	eh_pad_126c94	part_005	converted
0x126d20	56	eh_pad_126d20	part_005	converted
0x126dac	56	eh_pad_126dac	part_005	converted
0x126e40	80	eh_pad_126e40	part_005	converted
0x126ee4	56	eh_pad_126ee4	part_005	converted
0x126f70	56	eh_pad_126f70	part_005	converted
0x126ffc	56	eh_pad_126ffc	part_005	converted
0x127088	56	eh_pad_127088	part_005	converted
0x127114	56	eh_pad_127114	part_005	converted
0x1271a0	56	eh_pad_1271a0	part_005	converted
0x12722c	56	eh_pad_12722c	part_005	converted
0x127abc	4	eh_pad_127abc	part_005	converted
0x127b50	4	eh_pad_127b50	part_005	converted
0x127be4	4	eh_pad_127be4	part_005	converted
0x127c78	4	eh_pad_127c78	part_005	converted
0x127d2c	4	eh_pad_127d2c	part_005	converted
0x127d78	4	eh_pad_127d78	part_005	converted
0x127dac	28	eh_pad_127dac	part_005	converted
0x127dc8	128	eh_pad_127dc8	part_006	converted
0x129108	40	eh_pad_129108	part_006	converted
0x129268	40	eh_pad_129268	part_006	converted
0x129340	16	eh_pad_129340	part_006	converted
0x12a204	92	eh_pad_12a204	part_006	converted
0x12a568	16	eh_pad_12a568	part_006	converted
0x12a698	40	eh_pad_12a698	part_006	converted
0x12a7e0	40	eh_pad_12a7e0	part_006	converted
0x12a884	56	eh_pad_12a884	part_006	converted
0x12a938	56	eh_pad_12a938	part_006	converted
0x12b5e0	108	eh_pad_12b5e0	part_006	converted
0x12b788	648	eh_pad_12b788	part_006	converted
0x12bc70	1084	eh_pad_12bc70	part_006	converted
0x12d2d8	24	eh_pad_12d2d8	part_006	converted
0x12dab4	572	eh_pad_12dab4	part_006	converted
0x12df58	56	eh_pad_12df58	part_006	converted
0x12e450	56	eh_pad_12e450	part_006	converted
0x12e534	56	eh_pad_12e534	part_006	converted
0x12e658	56	eh_pad_12e658	part_006	converted
0x12e6cc	56	eh_pad_12e6cc	part_006	converted
0x12e718	56	eh_pad_12e718	part_006	converted
0x12e768	56	eh_pad_12e768	part_006	converted
0x12e7ac	56	eh_pad_12e7ac	part_006	converted
0x12e88c	52	eh_pad_12e88c	part_006	converted
0x12e9f0	4	eh_pad_12e9f0	part_006	converted
0x12ea90	216	eh_pad_12ea90	part_006	converted
0x12ec10	68	eh_pad_12ec10	part_006	converted
0x12eec4	68	eh_pad_12eec4	part_006	converted
0x12eef4	68	eh_pad_12eef4	part_006	converted
0x12efa8	4	eh_pad_12efa8	part_006	converted
0x12f090	64	eh_pad_12f090	part_006	converted
0x12f3b0	4	eh_pad_12f3b0	part_006	converted
0x12fe18	68	eh_pad_12fe18	part_006	converted
0x130068	68	eh_pad_130068	part_006	converted
0x130f08	92	eh_pad_130f08	part_006	converted
0x130fac	92	eh_pad_130fac	part_006	converted
0x131224	208	eh_pad_131224	part_006	converted
0x1313d8	224	eh_pad_1313d8	part_006	converted
0x131b68	132	eh_pad_131b68	part_006	converted
0x132448	3240	eh_pad_132448	part_006	converted
0x13245c	3224	eh_pad_13245c	part_006	converted
0x133f50	144	eh_pad_133f50	part_006	converted
0x133f84	96	eh_pad_133f84	part_006	converted
0x134070	912	eh_pad_134070	part_006	converted
0x1348bc	492	eh_pad_1348bc	part_006	converted
0x1351a4	32	eh_pad_1351a4	part_006	converted
0x135258	32	eh_pad_135258	part_006	converted
0x1361b4	3344	eh_pad_1361b4	part_006	converted
0x136f5c	4	eh_pad_136f5c	part_006	converted
0x136fac	572	eh_pad_136fac	part_006	converted
0x137234	4	eh_pad_137234	part_006	converted
0x137284	572	eh_pad_137284	part_006	converted
0x137620	104	eh_pad_137620	part_006	converted
0x13785c	140	eh_pad_13785c	part_006	converted
0x139f4c	56	eh_pad_139f4c	part_006	converted
0x13b49c	1756	eh_pad_13b49c	part_006	converted
0x13b808	1324	eh_pad_13b808	part_006	converted
0x13b978	984	eh_pad_13b978	part_006	converted
0x13ba90	728	eh_pad_13ba90	part_006	converted
0x13c1cc	68	eh_pad_13c1cc	part_006	converted
0x13c5d4	52	eh_pad_13c5d4	part_007	converted
0x13c5e8	36	eh_pad_13c5e8	part_007	converted
0x13ca48	56	eh_pad_13ca48	part_007	converted
0x13ca5c	40	eh_pad_13ca5c	part_007	converted
0x13d2d8	224	eh_pad_13d2d8	part_007	converted
0x13dba4	4	eh_pad_13dba4	part_007	converted
0x13dd38	5700	eh_pad_13dd38	part_007	converted
0x13de58	48	eh_pad_13de58	part_007	converted
0x13e7c8	4	eh_pad_13e7c8	part_007	converted
0x13eda8	28	eh_pad_13eda8	part_007	converted
0x13ee04	4	eh_pad_13ee04	part_007	converted
0x13f3bc	24	eh_pad_13f3bc	part_007	converted
0x13fd28	36	eh_pad_13fd28	part_007	converted
0x13fd5c	36	eh_pad_13fd5c	part_007	converted
0x1407a0	64	eh_pad_1407a0	part_007	converted
0x140dfc	40	eh_pad_140dfc	part_007	converted
0x140e44	24	eh_pad_140e44	part_007	converted
0x142f70	68	eh_pad_142f70	part_007	converted
0x143de4	88	eh_pad_143de4	part_007	converted
0x143e18	40	eh_pad_143e18	part_007	converted
0x146564	24	eh_pad_146564	part_007	converted
0x1465d8	56	eh_pad_1465d8	part_007	converted
0x148328	228	eh_pad_148328	part_007	converted
0x14b00c	308	eh_pad_14b00c	part_007	converted
0x14b720	4	eh_pad_14b720	part_007	converted
0x14b7f4	52	eh_pad_14b7f4	part_007	converted
0x14bbe4	472	eh_pad_14bbe4	part_007	converted
0x14d794	312	eh_pad_14d794	part_007	converted
0x14e1b8	288	eh_pad_14e1b8	part_007	converted
0x14e984	96	eh_pad_14e984	part_007	converted
0x1518ac	452	eh_pad_1518ac	part_007	converted
0x1521dc	728	eh_pad_1521dc	part_007	converted
0x152b28	888	eh_pad_152b28	part_007	converted
0x154118	212	eh_pad_154118	part_007	converted
0x154a44	872	eh_pad_154a44	part_007	converted
0x155148	4	eh_pad_155148	part_007	converted
0x155264	532	eh_pad_155264	part_007	converted
0x155c88	4	eh_pad_155c88	part_007	converted
0x15626c	2616	eh_pad_15626c	part_007	converted
0x156f34	4	eh_pad_156f34	part_007	converted
0x1579dc	4	eh_pad_1579dc	part_007	converted
0x157b48	20	eh_pad_157b48	part_007	converted
0x1585a0	836	eh_pad_1585a0	part_007	converted
0x1595b4	60	eh_pad_1595b4	part_007	converted
0x15d458	4	eh_pad_15d458	part_007	converted
0x15dd3c	356	eh_pad_15dd3c	part_007	converted
0x15e120	4	eh_pad_15e120	part_007	converted
0x15e1a0	184	eh_pad_15e1a0	part_007	converted
0x15e798	648	eh_pad_15e798	part_007	converted
0x15ecf4	4	eh_pad_15ecf4	part_007	converted
0x15f108	4	eh_pad_15f108	part_007	converted
0x15f2a4	412	eh_pad_15f2a4	part_007	converted
0x15fe5c	712	eh_pad_15fe5c	part_007	converted
0x161550	4	eh_pad_161550	part_007	converted
0x1615f8	4	eh_pad_1615f8	part_007	converted
0x1616c8	80	eh_pad_1616c8	part_007	converted
0x162b2c	380	eh_pad_162b2c	part_007	converted
0x165f24	4	eh_pad_165f24	part_007	converted
0x165f38	112	eh_pad_165f38	part_007	converted
0x166220	4	eh_pad_166220	part_007	converted
0x166238	108	eh_pad_166238	part_008	converted
0x168f84	4	eh_pad_168f84	part_008	converted
0x1690f8	4	eh_pad_1690f8	part_008	converted
0x169358	4	eh_pad_169358	part_008	converted
0x1693b8	4	eh_pad_1693b8	part_008	converted
0x1697fc	840	eh_pad_1697fc	part_008	converted
0x169e18	24	eh_pad_169e18	part_008	converted
0x16a874	4	eh_pad_16a874	part_008	converted
0x16a890	28	eh_pad_16a890	part_008	converted
0x16b0e8	64	eh_pad_16b0e8	part_008	converted
0x16bd48	40	eh_pad_16bd48	part_008	converted
0x16c1e4	24	eh_pad_16c1e4	part_008	converted
0x16df58	52	eh_pad_16df58	part_008	converted
0x16fee8	80	eh_pad_16fee8	part_008	converted
0x16fefc	64	eh_pad_16fefc	part_008	converted
0x16ff24	48	eh_pad_16ff24	part_008	converted
0x1716ec	40	eh_pad_1716ec	part_008	converted
0x171808	4	eh_pad_171808	part_008	converted
0x17182c	28	eh_pad_17182c	part_008	converted
0x1718cc	1436	eh_pad_1718cc	part_008	converted
0x171ee4	56	eh_pad_171ee4	part_008	converted
0x171f2c	40	eh_pad_171f2c	part_008	converted
0x171f54	4	eh_pad_171f54	part_008	converted
0x171f58	4	eh_pad_171f58	part_008	converted
0x171f5c	4	eh_pad_171f5c	part_008	converted
0x171f60	4	eh_pad_171f60	part_008	converted
0x171fa0	44	eh_pad_171fa0	part_008	converted
0x1724d4	64	eh_pad_1724d4	part_008	converted
0x179228	200	eh_pad_179228	part_008	converted
0x17a24c	72	eh_pad_17a24c	part_008	converted
0x17aed4	120	eh_pad_17aed4	part_008	converted
0x17befc	112	eh_pad_17befc	part_008	converted
0x17c3a8	112	eh_pad_17c3a8	part_008	converted
0x17cf98	212	eh_pad_17cf98	part_008	converted
0x17d14c	4	eh_pad_17d14c	part_008	converted
0x17d1e0	28	eh_pad_17d1e0	part_008	converted
0x17d330	196	eh_pad_17d330	part_008	converted
0x17e138	184	eh_pad_17e138	part_008	converted
0x17e550	236	eh_pad_17e550	part_008	converted
0x17ea3c	372	eh_pad_17ea3c	part_008	converted
0x17ece0	4	eh_pad_17ece0	part_008	converted
0x17edb0	28	eh_pad_17edb0	part_008	converted
0x17f03c	428	eh_pad_17f03c	part_008	converted
0x1811d8	1832	eh_pad_1811d8	part_008	converted
0x181fdc	6800	eh_pad_181fdc	part_008	converted
0x182010	6800	eh_pad_182010	part_008	converted
0x182040	6788	eh_pad_182040	part_008	converted
0x183a98	48	eh_pad_183a98	part_008	converted
0x1840ac	144	eh_pad_1840ac	part_008	converted
0x18421c	2112	eh_pad_18421c	part_008	converted
0x184250	2112	eh_pad_184250	part_008	converted
0x184290	2084	eh_pad_184290	part_008	converted
0x185878	300	eh_pad_185878	part_008	converted
0x185c28	360	eh_pad_185c28	part_008	converted
0x18a528	2012	eh_pad_18a528	part_008	converted
0x18a68c	1660	eh_pad_18a68c	part_008	converted
0x18e13c	84	eh_pad_18e13c	part_008	converted
0x18e150	68	eh_pad_18e150	part_008	converted
0x18e174	52	eh_pad_18e174	part_008	converted
0x18e854	2984	eh_pad_18e854	part_008	converted
0x18e878	2968	eh_pad_18e878	part_009	converted
0x18f21c	4	eh_pad_18f21c	part_009	converted
0x18f280	452	eh_pad_18f280	part_009	converted
0x190e78	1056	eh_pad_190e78	part_009	converted
0x191eec	16	eh_pad_191eec	part_009	converted
0x1920bc	36	eh_pad_1920bc	part_009	converted
0x1922a0	36	eh_pad_1922a0	part_009	converted
0x19279c	208	eh_pad_19279c	part_009	converted
0x19323c	1772	eh_pad_19323c	part_009	converted
0x193b88	72	eh_pad_193b88	part_009	converted
0x193c74	76	eh_pad_193c74	part_009	converted
0x194bac	384	eh_pad_194bac	part_009	converted
0x194bc8	380	eh_pad_194bc8	part_009	converted
0x194dfc	72	eh_pad_194dfc	part_009	converted
0x194f48	384	eh_pad_194f48	part_009	converted
0x194f64	380	eh_pad_194f64	part_009	converted
0x1951b0	296	eh_pad_1951b0	part_009	converted
0x19b998	20	eh_pad_19b998	part_009	converted
0x19ba28	20	eh_pad_19ba28	part_009	converted
0x19bab0	48	eh_pad_19bab0	part_009	converted
0x19d55c	52	eh_pad_19d55c	part_009	converted
0x19dd38	48	eh_pad_19dd38	part_009	converted
0x19de30	32	eh_pad_19de30	part_009	converted
0x19df28	44	eh_pad_19df28	part_009	converted
0x19dfcc	44	eh_pad_19dfcc	part_009	converted
0x1a2874	4	eh_pad_1a2874	part_009	converted
