0xcd10c	FUN_000cd05c
0xd0340	FUN_000d0304
0xd0398	FUN_000d035c
0xd4ec8	FUN_000d4e8c
0xda180	FUN_000da0c0
0xda578	FUN_000da4b8
0xe1a08	FUN_000e1920
0xe1b30	FUN_000e1a48
0xe1bf0	FUN_000e1b70
0xe1c20	FUN_000e1b70
0xe21b8	FUN_000e2094
0xe21cc	FUN_000e2094
0xe34c8	FUN_000e33cc
0xe3524	FUN_000e33cc
0xe3640	FUN_000e3544
0xe369c	FUN_000e3544
0xe3948	FUN_000e36bc
0xe42c0	FUN_000e3b88
0xe5638	FUN_000e5570
0xe5874	FUN_000e5570
0xe5970	FUN_000e5570
0xe598c	FUN_000e5570
0xe5ab8	FUN_000e59f0
0xe5cf4	FUN_000e59f0
0xe5df0	FUN_000e59f0
0xe5e0c	FUN_000e59f0
0xe89bc	FUN_000e8938
0xe8ad4	FUN_000e8a08
0xe8b20	FUN_000e8a08
0xe8b6c	FUN_000e8a08
0xe8b8c	FUN_000e8a08
0xe9e64	FUN_000e9d68
0xe9e78	FUN_000e9d68
0xe9ec8	FUN_000e9e88
0xe9ffc	FUN_000e9f00
0xea010	FUN_000e9f00
0xea124	FUN_000ea020
0xea138	FUN_000ea020
0xea24c	FUN_000ea148
0xea260	FUN_000ea148
0xea374	FUN_000ea270
0xea448	FUN_000ea3c0
0xea464	FUN_000ea3c0
0xea500	FUN_000ea478
0xea51c	FUN_000ea478
0xea5bc	FUN_000ea530
0xea5d8	FUN_000ea530
0xea68c	FUN_000ea600
0xea6a8	FUN_000ea600
0xea77c	FUN_000ea6d0
0xea7f8	FUN_000ea6d0
0xea814	FUN_000ea6d0
0xea8f4	FUN_000ea828
0xea940	FUN_000ea828
0xea998	FUN_000ea828
0xeaac0	FUN_000ea828
0xead48	FUN_000ead08
0xeae60	FUN_000eae20
0xeafac	FUN_000eaf6c
0xeb0ec	FUN_000eb0ac
0xeb210	FUN_000eb1d0
0xeb340	FUN_000eb300
0xeb494	FUN_000eb3c8
0xeb4e0	FUN_000eb3c8
0xeb538	FUN_000eb3c8
0xeb660	FUN_000eb3c8
0xeb734	FUN_000eb688
0xeb7b0	FUN_000eb688
0xeb7cc	FUN_000eb688
0xeb8a8	FUN_000eb868
0xeb9a8	FUN_000eb968
0xeba88	FUN_000eb9e0
0xebaa4	FUN_000eb9e0
0xebb70	FUN_000ebac8
0xebb8c	FUN_000ebac8
0xebcb4	FUN_000ebbb0
0xebe24	FUN_000ebd00
0xebf38	FUN_000ebef8
0xec038	FUN_000ebff8
0xec56c	FUN_000ec4f0
0xecf5c	FUN_000eced0
0xed0e4	FUN_000ecfac
0xed25c	FUN_000ed124
0xedbf0	FUN_000ed89c
0xee114	FUN_000edd98
0xee214	FUN_000edd98
0xee244	FUN_000edd98
0xee27c	FUN_000eec50
0xee618	FUN_000ee29c
0xee718	FUN_000ee29c
0xee748	FUN_000ee29c
0xee780	FUN_000eec50
0xee830	FUN_000ee7a0
0xeede8	FUN_000eec50
0xef038	FUN_000eee4c
0xef79c	FUN_000ef498
0xef7f8	FUN_000ef498
0xefaf0	FUN_000efa4c
0xefb0c	FUN_000efa4c
0xefe3c	FUN_000efde4
0xefea0	FUN_000efde4
0xf001c	FUN_000efde4
0xf02c0	FUN_000f019c
0xf0978	FUN_000f07a8
0xf09bc	FUN_000f07a8
0xf157c	FUN_000f14f8
0xf293c	FUN_000f1d7c
0xf2960	FUN_000f1d7c
0xf2984	FUN_000f1d7c
0xf29b8	FUN_000f1d7c
0xf513c	FUN_000f4fdc
0xf6c50	FUN_000f6a04
0xf8258	FUN_000f816c
0xf8430	FUN_000f83cc
0xf8908	FUN_000f88b4
0xf95e4	FUN_000f94dc
0xf97a8	FUN_000f94dc
0xf9870	FUN_000f94dc
0xf990c	FUN_000f94dc
0xfa144	FUN_000f9a58
0xfa27c	FUN_000f9a58
0xfa45c	FUN_000f9a58
0xfa544	FUN_000f9a58
0xfaeb4	FUN_000fadc4
0xfb584	FUN_000fb3d4
0xfb690	FUN_000fb3d4
0xfb77c	FUN_000fb3d4
0xfb974	FUN_000fb3d4
0xfbb88	FUN_000fb3d4
0xfbe00	FUN_000fb3d4
0xfd760	FUN_000fd5c8
0xfd7c4	FUN_000fd5c8
0xfd820	FUN_000fd5c8
0xfd8ac	FUN_000fd5c8
0xfd8fc	FUN_000fd5c8
0xfd918	FUN_000fd5c8
0xfdebc	FUN_000fd5c8
0xfdfa4	FUN_000fd5c8
0xfe8b0	FUN_000fd5c8
0xfe910	FUN_000fd5c8
0xfe9f0	FUN_000fd5c8
0xfeb38	FUN_000fd5c8
0xfeb78	FUN_000fd5c8
0xff7a0	FUN_000fd5c8
0xff864	FUN_000fd5c8
0xffcf8	FUN_000fd5c8
0xffd5c	FUN_000fd5c8
0x10042c	FUN_000fd5c8
0x1004a8	FUN_000fd5c8
0x102754	FUN_000fd5c8
0x102828	FUN_000fd5c8
0x102a78	FUN_000fd5c8
0x102b04	FUN_000fd5c8
0x102c5c	FUN_000fd5c8
0x102cb8	FUN_000fd5c8
0x102da4	FUN_000fd5c8
0x102e6c	FUN_000fd5c8
0x102f4c	FUN_000fd5c8
0x103014	FUN_000fd5c8
0x103174	FUN_000fd5c8
0x1032ec	FUN_000fd5c8
0x103414	FUN_000fd5c8
0x1034d8	FUN_000fd5c8
0x10361c	FUN_000fd5c8
0x10379c	FUN_000fd5c8
0x103cec	FUN_000fd5c8
0x105164	FUN_0010502c
0x105180	FUN_0010502c
0x1052e8	FUN_001051b0
0x105304	FUN_001051b0
0x1053cc	FUN_00105334
0x10635c	FUN_001062c0
0x1073a4	FUN_00107350
0x1074a8	FUN_00107464
0x1075c8	FUN_001074e0
0x107734	FUN_0010764c
0x1077b0	FUN_0010776c
0x10782c	FUN_001077e8
0x1078f4	FUN_001078b0
0x107b14	FUN_00107ad0
0x107c38	FUN_00107bf4
0x107cb4	FUN_00107c70
0x107e38	FUN_00107df4
0x107eb4	FUN_00107e70
0x107f98	FUN_00107f38
0x10802c	FUN_00107fd0
0x1080a8	FUN_00108064
0x10813c	FUN_001080e0
0x108204	FUN_001081c0
0x108280	FUN_0010823c
0x108394	FUN_00108350
0x108410	FUN_001083cc
0x1084fc	FUN_001084b8
0x108578	FUN_00108534
0x1086c4	FUN_001085b0
0x10874c	FUN_001086e8
0x1087cc	FUN_00108770
0x10884c	FUN_001087f0
0x108a2c	FUN_00108918
0x108ab4	FUN_00108a50
0x108b1c	FUN_00108ad8
0x108bb4	FUN_00108b54
0x108c30	FUN_00108bec
0x108f24	FUN_00108ee0
0x1094c4	FUN_00109480
0x109684	FUN_00109614
0x10972c	FUN_001096bc
0x1097d8	FUN_00109764
0x109854	FUN_00109810
0x109900	FUN_0010988c
0x1099a4	FUN_00109938
0x109a48	FUN_001099dc
0x109bb8	FUN_00109b74
0x109d94	FUN_00109d50
0x109ec8	FUN_00109e84
0x109fe4	FUN_00109fa0
0x10a108	FUN_0010a0c4
0x10a284	FUN_0010a240
0x10a374	FUN_0010a2bc
0x10a450	FUN_0010a398
0x10a4d4	FUN_0010a474
0x10a56c	FUN_0010a50c
0x10a5e8	FUN_0010a5a4
0x10a684	FUN_0010a620
0x10a720	FUN_0010a6bc
0x10a79c	FUN_0010a758
0x10adb4	FUN_0010ad68
0x10b000	FUN_0010af38
0x10be9c	FUN_0010bd50
0x10c268	FUN_0010c010
0x10d31c	FUN_0010d15c
0x10d5e4	FUN_0010d4cc
0x10d88c	FUN_0010d730
0x10d948	FUN_0010d730
0x10e0d0	FUN_0010e050
0x10e100	FUN_0010e050
0x10e104	FUN_0010e050
0x10e194	FUN_0010e114
0x10e1c4	FUN_0010e114
0x10e1c8	FUN_0010e114
0x10e25c	FUN_0010e1d8
0x10e28c	FUN_0010e1d8
0x10e290	FUN_0010e1d8
0x10e324	FUN_0010e2a0
0x10e354	FUN_0010e2a0
0x10e358	FUN_0010e2a0
0x1100ec	FUN_00110020
0x11035c	FUN_001102e0
0x110c3c	FUN_001102e0
0x110e90	FUN_001102e0
0x110eac	FUN_001102e0
0x110ef0	FUN_001102e0
0x1119bc	FUN_001102e0
0x111c8c	FUN_001102e0
0x112250	FUN_001121b4
0x112678	FUN_001121b4
0x1127c0	FUN_001121b4
0x11ed40	FUN_0011eaa0
0x11f7c4	FUN_0011f578
0x11ff30	FUN_0011fb94
0x120db4	FUN_00120cd4
0x120e14	FUN_00120cd4
0x120e74	FUN_00120cd4
0x120ea8	FUN_00120cd4
0x120ec4	FUN_00120cd4
0x121488	FUN_00121000
0x1214d0	FUN_00121000
0x12165c	FUN_001214fc
0x1216c0	FUN_001214fc
0x121754	FUN_001214fc
0x1217e8	FUN_001214fc
0x12187c	FUN_001214fc
0x121920	FUN_001214fc
0x121a4c	FUN_001214fc
0x121a98	FUN_001214fc
0x121ae4	FUN_001214fc
0x121b18	FUN_001214fc
0x121b98	FUN_001214fc
0x121be4	FUN_001214fc
0x121c30	FUN_001214fc
0x121c5c	FUN_001214fc
0x121d48	FUN_001214fc
0x121e28	FUN_001214fc
0x121f08	FUN_001214fc
0x1220ec	FUN_001214fc
0x122dd0	FUN_001214fc
0x123178	FUN_001230e4
0x12320c	FUN_001230e4
0x12331c	FUN_00123288
0x1238a8	FUN_0012379c
0x1238c8	FUN_0012379c
0x1239f4	FUN_001238e8
0x123a14	FUN_001238e8
0x123b5c	FUN_00123a34
0x123d84	FUN_00123c08
0x123e78	FUN_00123c08
0x123eac	FUN_00123c08
0x124004	FUN_00123c08
0x12415c	FUN_001240a8
0x12429c	FUN_001241fc
0x1242d0	FUN_001241fc
0x1243cc	FUN_0012434c
0x124400	FUN_0012434c
0x1244f8	FUN_0012447c
0x12452c	FUN_0012447c
0x1246b8	FUN_001245a8
0x1246f4	FUN_001245a8
0x124834	FUN_00124724
0x124870	FUN_00124724
0x124a50	FUN_0012499c
0x124ae4	FUN_0012499c
0x124bc4	FUN_00124b24
0x124c54	FUN_00124b24
0x124d34	FUN_00124c94
0x124dc4	FUN_00124c94
0x124ee8	FUN_00124e68
0x1250ac	FUN_00124e68
0x12515c	FUN_001250dc
0x125320	FUN_001250dc
0x12541c	FUN_00125350
0x1254a4	FUN_00125350
0x1255e4	FUN_00125350
0x125780	FUN_00125350
0x12587c	FUN_001257b0
0x125904	FUN_001257b0
0x125a44	FUN_001257b0
0x125be0	FUN_001257b0
0x125c78	FUN_00125c10
0x125cf4	FUN_00125c8c
0x125e6c	FUN_00125db8
0x125f00	FUN_00125db8
0x1262c8	FUN_0012622c
0x126348	FUN_0012622c
0x126414	FUN_00126378
0x126494	FUN_00126378
0x126840	FUN_001267ec
0x12694c	FUN_001268f8
0x1269d8	FUN_00126984
0x126a64	FUN_00126a10
0x126af0	FUN_00126a9c
0x126b7c	FUN_00126b28
0x126c08	FUN_00126bb4
0x126c94	FUN_00126c40
0x126d20	FUN_00126ccc
0x126dac	FUN_00126d58
0x126e40	FUN_00126de4
0x126ee4	FUN_00126e90
0x126f70	FUN_00126f1c
0x126ffc	FUN_00126fa8
0x127088	FUN_00127034
0x127114	FUN_001270c0
0x1271a0	FUN_0012714c
0x12722c	FUN_001271d8
0x127abc	FUN_00127994
0x127b50	FUN_00127994
0x127be4	FUN_00127994
0x127c78	FUN_00127994
0x127d2c	FUN_00127994
0x127d78	FUN_00127994
0x127dac	FUN_00127994
0x127dc8	FUN_00127994
0x129108	FUN_00128fd0
0x129268	FUN_00129130
0x129340	FUN_00129290
0x12a204	FUN_0012a00c
0x12a568	FUN_0012a4b8
0x12a698	FUN_0012a578
0x12a7e0	FUN_0012a6c0
0x12a884	FUN_0012a808
0x12a938	FUN_0012a8bc
0x12b5e0	FUN_0012b520
0x12b788	FUN_0012b6a8
0x12bc70	FUN_0012bb48
0x12d2d8	FUN_0012cfa4
0x12dab4	FUN_0012d2f0
0x12df58	FUN_0012dd58
0x12e450	FUN_0012df90
0x12e534	FUN_0012e488
0x12e658	FUN_0012e56c
0x12e6cc	FUN_0012e56c
0x12e718	FUN_0012e56c
0x12e768	FUN_0012e56c
0x12e7ac	FUN_0012e56c
0x12e88c	FUN_0012e56c
0x12e9f0	FUN_0012e8c0
0x12ea90	FUN_0012e8c0
0x12ec10	FUN_0012eacc
0x12eec4	FUN_0012eacc
0x12eef4	FUN_0012eacc
0x12efa8	FUN_0012eacc
0x12f090	FUN_0012eacc
0x12f3b0	FUN_0012f0f8
0x12fe18	FUN_0012f0f8
0x130068	FUN_0012fe8c
0x130f08	FUN_00130ec0
0x130fac	FUN_00130f64
0x131224	FUN_001311cc
0x1313d8	FUN_001312f4
0x131b68	FUN_00131a80
0x132448	FUN_001322a8
0x13245c	FUN_001322a8
0x133f50	FUN_0013323c
0x133f84	FUN_0013323c
0x134070	FUN_00133fe4
0x1348bc	FUN_00134658
0x1351a4	FUN_00135110
0x135258	FUN_001351c4
0x1361b4	FUN_00135fb0
0x136f5c	?
0x136fac	FUN_00136ec8
0x137234	FUN_0013719c
0x137284	FUN_0013719c
0x137620	FUN_00137474
0x13785c	FUN_00137694
0x139f4c	FUN_00139d40
0x13b49c	FUN_0013b3f0
0x13b808	FUN_0013b3f0
0x13b978	FUN_0013b3f0
0x13ba90	FUN_0013b3f0
0x13c1cc	FUN_0013bd68
0x13c5d4	FUN_0013c210
0x13c5e8	FUN_0013c210
0x13ca48	FUN_0013c60c
0x13ca5c	FUN_0013c60c
0x13d2d8	FUN_0013d160
0x13dba4	FUN_0013da3c
0x13dd38	FUN_0013da3c
0x13de58	FUN_0013da3c
0x13e7c8	FUN_0013da3c
0x13eda8	FUN_0013da3c
0x13ee04	FUN_0013da3c
0x13f3bc	FUN_0013da3c
0x13fd28	FUN_0013fc38
0x13fd5c	FUN_0013fc38
0x1407a0	FUN_0013fc38
0x140dfc	FUN_0013fc38
0x140e44	FUN_0013fc38
0x142f70	FUN_00142974
0x143de4	FUN_0014375c
0x143e18	FUN_0014375c
0x146564	FUN_00145670
0x1465d8	FUN_0014657c
0x148328	FUN_00147f54
0x14b00c	FUN_0014acb8
0x14b720	FUN_0014b150
0x14b7f4	FUN_0014b150
0x14bbe4	FUN_0014b82c
0x14d794	FUN_0014d274
0x14e1b8	FUN_0014d8f8
0x14e984	FUN_0014e6e4
0x1518ac	FUN_00151370
0x1521dc	FUN_00151a74
0x152b28	FUN_001524b8
0x154118	FUN_00152ea8
0x154a44	FUN_001541f0
0x155148	FUN_00154dc0
0x155264	FUN_00154dc0
0x155c88	FUN_00155a60
0x15626c	FUN_00155a60
0x156f34	FUN_00156d48
0x1579dc	FUN_00156d48
0x157b48	FUN_00156d48
0x1585a0	FUN_00158264
0x1595b4	FUN_00158c3c
0x15d458	FUN_0015ceb0
0x15dd3c	FUN_0015ceb0
0x15e120	FUN_0015df44
0x15e1a0	FUN_0015df44
0x15e798	FUN_0015e494
0x15ecf4	FUN_0015ea3c
0x15f108	FUN_0015ea3c
0x15f2a4	FUN_0015ea3c
0x15fe5c	FUN_0015f44c
0x161550	FUN_00160eb0
0x1615f8	FUN_00160eb0
0x1616c8	FUN_00160eb0
0x162b2c	FUN_001621c8
0x165f24	FUN_00165d3c
0x165f38	FUN_00165d3c
0x166220	FUN_00165fa8
0x166238	FUN_00165fa8
0x168f84	FUN_00168d80
0x1690f8	FUN_00168d80
0x169358	FUN_00168d80
0x1693b8	FUN_00168d80
0x1697fc	FUN_00168d80
0x169e18	FUN_00169b70
0x16a874	FUN_0016a568
0x16a890	FUN_0016a568
0x16b0e8	FUN_0016a568
0x16bd48	FUN_0016a568
0x16c1e4	FUN_0016bd70
0x16df58	FUN_0016dd04
0x16fee8	?
0x16fefc	?
0x16ff24	FUN_0016ff54
0x1716ec	FUN_00170e6c
0x171808	FUN_00171714
0x17182c	FUN_00171714
0x1718cc	FUN_00171714
0x171ee4	FUN_00171e68
0x171f2c	FUN_00171e68
0x171f54	FUN_00171e68
0x171f58	FUN_00171e68
0x171f5c	FUN_00171e68
0x171f60	FUN_00171e68
0x171fa0	FUN_00171e68
0x1724d4	FUN_0017247c
0x179228	FUN_00179138
0x17a24c	FUN_0017a130
0x17aed4	FUN_0017ae28
0x17befc	FUN_0017bd78
0x17c3a8	FUN_0017c244
0x17cf98	FUN_0017ce7c
0x17d14c	FUN_0017d06c
0x17d1e0	FUN_0017d06c
0x17d330	FUN_0017d26c
0x17e138	FUN_0017e02c
0x17e550	FUN_0017e3f4
0x17ea3c	FUN_0017e7e0
0x17ece0	FUN_0017ebb0
0x17edb0	FUN_0017ebb0
0x17f03c	FUN_0017ee68
0x1811d8	FUN_00180830
0x181fdc	FUN_00181f00
0x182010	FUN_00181f00
0x182040	FUN_00181f00
0x183a98	FUN_00181f00
0x1840ac	FUN_0018401c
0x18421c	FUN_0018413c
0x184250	FUN_0018413c
0x184290	FUN_0018413c
0x185878	FUN_00184ef0
0x185c28	FUN_001859bc
0x18a528	FUN_0018a440
0x18a68c	FUN_0018a440
0x18e13c	FUN_0018dabc
0x18e150	FUN_0018dabc
0x18e174	FUN_0018dabc
0x18e854	FUN_0018e1a8
0x18e878	FUN_0018e1a8
0x18f21c	FUN_0018e1a8
0x18f280	FUN_0018e1a8
0x190e78	FUN_00190990
0x191eec	FUN_001920e0
0x1920bc	FUN_001920e0
0x1922a0	FUN_00191efc
0x19279c	FUN_001922c4
0x19323c	FUN_0019286c
0x193b88	FUN_00193b3c
0x193c74	FUN_00193c00
0x194bac	FUN_00194aa8
0x194bc8	FUN_00194aa8
0x194dfc	FUN_00194d44
0x194f48	FUN_00194e44
0x194f64	FUN_00194e44
0x1951b0	FUN_001950e0
0x19b998	FUN_0019d480
0x19ba28	FUN_0019d480
0x19bab0	FUN_0019ba3c
0x19d55c	FUN_0019d4e8
0x19dd38	FUN_0019dcb0
0x19de30	FUN_0019dd7c
0x19df28	FUN_0019deb0
0x19dfcc	FUN_0019df54
0x1a2874	FUN_001a25a8
