cd10c	cd110	FUN_000cd05c
d0340	d0344	FUN_000d0304
d0398	d039c	FUN_000d035c
d4ec8	d4ecc	FUN_000d4e8c
da180	da184	FUN_000da0c0
da578	da57c	FUN_000da4b8
e1a08	e1a0c	FUN_000e1920
e1b30	e1b34	FUN_000e1a48
e1bf0	e1bf4	FUN_000e1b70
e1c20	e1c24	FUN_000e1b70
e21b8	e21bc	FUN_000e2094
e21cc	e21ec	FUN_000e2094
e34c8	e34cc	FUN_000e33cc
e3524	e3544	FUN_000e33cc
e3640	e3644	FUN_000e3544
e369c	e36bc	FUN_000e3544
e3948	e395c	FUN_000e36bc
e42c0	e42c4	FUN_000e3b88
e5638	e5654	FUN_000e5570
e5874	e5878	FUN_000e5570
e5970	e598c	FUN_000e5570
e598c	e59ac	FUN_000e5570
e5ab8	e5ad4	FUN_000e59f0
e5cf4	e5cf8	FUN_000e59f0
e5df0	e5e0c	FUN_000e59f0
e5e0c	e5e2c	FUN_000e59f0
e89bc	e89dc	FUN_000e8938
e8ad4	e8ad8	FUN_000e8a08
e8b20	e8b24	FUN_000e8a08
e8b6c	e8b70	FUN_000e8a08
e8b8c	e8bac	FUN_000e8a08
e9e64	e9e78	FUN_000e9d68
e9e78	e9e88	FUN_000e9d68
e9ec8	e9ee8	FUN_000e9e88
e9ffc	ea010	FUN_000e9f00
ea010	ea020	FUN_000e9f00
ea124	ea138	FUN_000ea020
ea138	ea148	FUN_000ea020
ea24c	ea260	FUN_000ea148
ea260	ea270	FUN_000ea148
ea374	ea390	FUN_000ea270
ea448	ea464	FUN_000ea3c0
ea464	ea478	FUN_000ea3c0
ea500	ea51c	FUN_000ea478
ea51c	ea530	FUN_000ea478
ea5bc	ea5d8	FUN_000ea530
ea5d8	ea5ec	FUN_000ea530
ea68c	ea6a8	FUN_000ea600
ea6a8	ea6bc	FUN_000ea600
ea77c	ea798	FUN_000ea6d0
ea7f8	ea814	FUN_000ea6d0
ea814	ea828	FUN_000ea6d0
ea8f4	ea910	FUN_000ea828
ea940	ea95c	FUN_000ea828
ea998	ea9b4	FUN_000ea828
eaac0	eaad4	FUN_000ea828
ead48	ead68	FUN_000ead08
eae60	eae80	FUN_000eae20
eafac	eafcc	FUN_000eaf6c
eb0ec	eb10c	FUN_000eb0ac
eb210	eb230	FUN_000eb1d0
eb340	eb360	FUN_000eb300
eb494	eb4b0	FUN_000eb3c8
eb4e0	eb4fc	FUN_000eb3c8
eb538	eb554	FUN_000eb3c8
eb660	eb674	FUN_000eb3c8
eb734	eb750	FUN_000eb688
eb7b0	eb7cc	FUN_000eb688
eb7cc	eb7e0	FUN_000eb688
eb8a8	eb8c8	FUN_000eb868
eb9a8	eb9c8	FUN_000eb968
eba88	ebaa4	FUN_000eb9e0
ebaa4	ebac8	FUN_000eb9e0
ebb70	ebb8c	FUN_000ebac8
ebb8c	ebbb0	FUN_000ebac8
ebcb4	ebcd0	FUN_000ebbb0
ebe24	ebe40	FUN_000ebd00
ebf38	ebf58	FUN_000ebef8
ec038	ec058	FUN_000ebff8
ec56c	ec58c	FUN_000ec4f0
ecf5c	ecf7c	FUN_000eced0
ed0e4	ed0fc	FUN_000ecfac
ed25c	ed274	FUN_000ed124
edbf0	edc10	FUN_000ed89c
ee114	ee118	FUN_000edd98
ee214	ee218	FUN_000edd98
ee244	ee260	FUN_000edd98
ee27c	ee29c	FUN_000eec50
ee618	ee61c	FUN_000ee29c
ee718	ee71c	FUN_000ee29c
ee748	ee764	FUN_000ee29c
ee780	ee7a0	FUN_000eec50
ee830	ee850	FUN_000ee7a0
eede8	eee08	FUN_000eec50
ef038	ef058	FUN_000eee4c
ef79c	ef7a0	FUN_000ef498
ef7f8	ef818	FUN_000ef498
efaf0	efb0c	FUN_000efa4c
efb0c	efb2c	FUN_000efa4c
efe3c	efe40	FUN_000efde4
efea0	efebc	FUN_000efde4
f001c	f003c	FUN_000efde4
f02c0	f02e0	FUN_000f019c
f0978	f0994	FUN_000f07a8
f09bc	f09dc	FUN_000f07a8
f157c	f159c	FUN_000f14f8
f293c	f2950	FUN_000f1d7c
f2960	f2974	FUN_000f1d7c
f2984	f2998	FUN_000f1d7c
f29b8	f29d0	FUN_000f1d7c
f513c	f515c	FUN_000f4fdc
f6c50	f6c70	FUN_000f6a04
f8258	f8278	FUN_000f816c
f8430	f8450	FUN_000f83cc
f8908	f8928	FUN_000f88b4
f95e4	f9600	FUN_000f94dc
f97a8	f97c4	FUN_000f94dc
f9870	f988c	FUN_000f94dc
f990c	f992c	FUN_000f94dc
fa144	fa160	FUN_000f9a58
fa27c	fa298	FUN_000f9a58
fa45c	fa460	FUN_000f9a58
fa544	fa564	FUN_000f9a58
faeb4	faed4	FUN_000fadc4
fb584	fb588	FUN_000fb3d4
fb690	fb694	FUN_000fb3d4
fb77c	fb780	FUN_000fb3d4
fb974	fb978	FUN_000fb3d4
fbb88	fbba4	FUN_000fb3d4
fbe00	fbe20	FUN_000fb3d4
fd760	fd77c	FUN_000fd5c8
fd7c4	fd7d8	FUN_000fd5c8
fd820	fd840	FUN_000fd5c8
fd8ac	fd8b0	FUN_000fd5c8
fd8fc	fd918	FUN_000fd5c8
fd918	fd91c	FUN_000fd5c8
fdebc	fdec0	FUN_000fd5c8
fdfa4	fdfa8	FUN_000fd5c8
fe8b0	fe8b4	FUN_000fd5c8
fe910	fe92c	FUN_000fd5c8
fe9f0	fe9f4	FUN_000fd5c8
feb38	feb3c	FUN_000fd5c8
feb78	feb94	FUN_000fd5c8
ff7a0	ff7a4	FUN_000fd5c8
ff864	ff868	FUN_000fd5c8
ffcf8	ffd14	FUN_000fd5c8
ffd5c	ffd60	FUN_000fd5c8
10042c	100448	FUN_000fd5c8
1004a8	1004c4	FUN_000fd5c8
102754	102758	FUN_000fd5c8
102828	10282c	FUN_000fd5c8
102a78	102a94	FUN_000fd5c8
102b04	102b08	FUN_000fd5c8
102c5c	102c60	FUN_000fd5c8
102cb8	102cbc	FUN_000fd5c8
102da4	102da8	FUN_000fd5c8
102e6c	102e70	FUN_000fd5c8
102f4c	102f50	FUN_000fd5c8
103014	103030	FUN_000fd5c8
103174	103190	FUN_000fd5c8
1032ec	1032f0	FUN_000fd5c8
103414	103430	FUN_000fd5c8
1034d8	1034dc	FUN_000fd5c8
10361c	103638	FUN_000fd5c8
10379c	1037b8	FUN_000fd5c8
103cec	103cf8	FUN_000fd5c8
105164	105180	FUN_0010502c
105180	10519c	FUN_0010502c
1052e8	105304	FUN_001051b0
105304	105320	FUN_001051b0
1053cc	1053ec	FUN_00105334
10635c	10637c	FUN_001062c0
1073a4	1073c4	FUN_00107350
1074a8	1074c8	FUN_00107464
1075c8	1075ec	FUN_001074e0
107734	107758	FUN_0010764c
1077b0	1077d0	FUN_0010776c
10782c	10784c	FUN_001077e8
1078f4	107914	FUN_001078b0
107b14	107b34	FUN_00107ad0
107c38	107c58	FUN_00107bf4
107cb4	107cd4	FUN_00107c70
107e38	107e58	FUN_00107df4
107eb4	107ed4	FUN_00107e70
107f98	107fbc	FUN_00107f38
10802c	108050	FUN_00107fd0
1080a8	1080c8	FUN_00108064
10813c	108160	FUN_001080e0
108204	108224	FUN_001081c0
108280	1082a0	FUN_0010823c
108394	1083b4	FUN_00108350
108410	108430	FUN_001083cc
1084fc	10851c	FUN_001084b8
108578	108598	FUN_00108534
1086c4	1086e8	FUN_001085b0
10874c	108770	FUN_001086e8
1087cc	1087f0	FUN_00108770
10884c	108870	FUN_001087f0
108a2c	108a50	FUN_00108918
108ab4	108ad8	FUN_00108a50
108b1c	108b3c	FUN_00108ad8
108bb4	108bd8	FUN_00108b54
108c30	108c50	FUN_00108bec
108f24	108f44	FUN_00108ee0
1094c4	1094e4	FUN_00109480
109684	1096a8	FUN_00109614
10972c	109750	FUN_001096bc
1097d8	1097fc	FUN_00109764
109854	109874	FUN_00109810
109900	109924	FUN_0010988c
1099a4	1099c8	FUN_00109938
109a48	109a6c	FUN_001099dc
109bb8	109bd8	FUN_00109b74
109d94	109db4	FUN_00109d50
109ec8	109ee8	FUN_00109e84
109fe4	10a004	FUN_00109fa0
10a108	10a128	FUN_0010a0c4
10a284	10a2a4	FUN_0010a240
10a374	10a398	FUN_0010a2bc
10a450	10a474	FUN_0010a398
10a4d4	10a4f8	FUN_0010a474
10a56c	10a590	FUN_0010a50c
10a5e8	10a608	FUN_0010a5a4
10a684	10a6a8	FUN_0010a620
10a720	10a744	FUN_0010a6bc
10a79c	10a7bc	FUN_0010a758
10adb4	10add4	FUN_0010ad68
10b000	10b020	FUN_0010af38
10be9c	10bebc	FUN_0010bd50
10c268	10c26c	FUN_0010c010
10d31c	10d320	FUN_0010d15c
10d5e4	10d5e8	FUN_0010d4cc
10d88c	10d890	FUN_0010d730
10d948	10d94c	FUN_0010d730
10e0d0	10e0d4	FUN_0010e050
10e100	10e104	FUN_0010e050
10e104	10e114	FUN_0010e050
10e194	10e198	FUN_0010e114
10e1c4	10e1c8	FUN_0010e114
10e1c8	10e1d8	FUN_0010e114
10e25c	10e260	FUN_0010e1d8
10e28c	10e290	FUN_0010e1d8
10e290	10e2a0	FUN_0010e1d8
10e324	10e328	FUN_0010e2a0
10e354	10e358	FUN_0010e2a0
10e358	10e368	FUN_0010e2a0
1100ec	11010c	FUN_00110020
11035c	110378	FUN_001102e0
110c3c	110c40	FUN_001102e0
110e90	110eac	FUN_001102e0
110eac	110ec8	FUN_001102e0
110ef0	110f0c	FUN_001102e0
1119bc	1119d8	FUN_001102e0
111c8c	111cac	FUN_001102e0
112250	11226c	FUN_001121b4
112678	112698	FUN_001121b4
1127c0	1127c4	FUN_001121b4
11ed40	11ed60	FUN_0011eaa0
11f7c4	11f7dc	FUN_0011f578
11ff30	11ff48	FUN_0011fb94
120db4	120dd0	FUN_00120cd4
120e14	120e30	FUN_00120cd4
120e74	120e90	FUN_00120cd4
120ea8	120ec4	FUN_00120cd4
120ec4	120ee4	FUN_00120cd4
121488	12149c	FUN_00121000
1214d0	1214e8	FUN_00121000
12165c	121660	FUN_001214fc
1216c0	1216c4	FUN_001214fc
121754	121758	FUN_001214fc
1217e8	1217ec	FUN_001214fc
12187c	121880	FUN_001214fc
121920	12193c	FUN_001214fc
121a4c	121a50	FUN_001214fc
121a98	121a9c	FUN_001214fc
121ae4	121ae8	FUN_001214fc
121b18	121b1c	FUN_001214fc
121b98	121b9c	FUN_001214fc
121be4	121be8	FUN_001214fc
121c30	121c34	FUN_001214fc
121c5c	121c78	FUN_001214fc
121d48	121d4c	FUN_001214fc
121e28	121e2c	FUN_001214fc
121f08	121f24	FUN_001214fc
1220ec	122108	FUN_001214fc
122dd0	122de8	FUN_001214fc
123178	123194	FUN_001230e4
12320c	12322c	FUN_001230e4
12331c	12333c	FUN_00123288
1238a8	1238ac	FUN_0012379c
1238c8	1238e8	FUN_0012379c
1239f4	1239f8	FUN_001238e8
123a14	123a34	FUN_001238e8
123b5c	123b7c	FUN_00123a34
123d84	123d88	FUN_00123c08
123e78	123e94	FUN_00123c08
123eac	123eb0	FUN_00123c08
124004	124024	FUN_00123c08
12415c	12417c	FUN_001240a8
12429c	1242b8	FUN_001241fc
1242d0	1242f0	FUN_001241fc
1243cc	1243e8	FUN_0012434c
124400	124420	FUN_0012434c
1244f8	124514	FUN_0012447c
12452c	12454c	FUN_0012447c
1246b8	1246d4	FUN_001245a8
1246f4	124710	FUN_001245a8
124834	124850	FUN_00124724
124870	12488c	FUN_00124724
124a50	124a6c	FUN_0012499c
124ae4	124b10	FUN_0012499c
124bc4	124be0	FUN_00124b24
124c54	124c80	FUN_00124b24
124d34	124d50	FUN_00124c94
124dc4	124df0	FUN_00124c94
124ee8	124f04	FUN_00124e68
1250ac	1250c8	FUN_00124e68
12515c	125178	FUN_001250dc
125320	12533c	FUN_001250dc
12541c	125438	FUN_00125350
1254a4	1254c0	FUN_00125350
1255e4	125600	FUN_00125350
125780	12579c	FUN_00125350
12587c	125898	FUN_001257b0
125904	125920	FUN_001257b0
125a44	125a60	FUN_001257b0
125be0	125bfc	FUN_001257b0
125c78	125c8c	FUN_00125c10
125cf4	125d08	FUN_00125c8c
125e6c	125e88	FUN_00125db8
125f00	125f2c	FUN_00125db8
1262c8	1262e4	FUN_0012622c
126348	126364	FUN_0012622c
126414	126430	FUN_00126378
126494	1264b0	FUN_00126378
126840	126860	FUN_001267ec
12694c	12696c	FUN_001268f8
1269d8	1269f8	FUN_00126984
126a64	126a84	FUN_00126a10
126af0	126b10	FUN_00126a9c
126b7c	126b9c	FUN_00126b28
126c08	126c28	FUN_00126bb4
126c94	126cb4	FUN_00126c40
126d20	126d40	FUN_00126ccc
126dac	126dcc	FUN_00126d58
126e40	126e60	FUN_00126de4
126ee4	126f04	FUN_00126e90
126f70	126f90	FUN_00126f1c
126ffc	12701c	FUN_00126fa8
127088	1270a8	FUN_00127034
127114	127134	FUN_001270c0
1271a0	1271c0	FUN_0012714c
12722c	12724c	FUN_001271d8
127abc	127ac0	FUN_00127994
127b50	127b54	FUN_00127994
127be4	127be8	FUN_00127994
127c78	127c7c	FUN_00127994
127d2c	127d30	FUN_00127994
127d78	127d7c	FUN_00127994
127dac	127dc8	FUN_00127994
127dc8	127de8	FUN_00127994
129108	12911c	FUN_00128fd0
129268	12927c	FUN_00129130
129340	129350	FUN_00129290
12a204	12a224	FUN_0012a00c
12a568	12a578	FUN_0012a4b8
12a698	12a6ac	FUN_0012a578
12a7e0	12a7f4	FUN_0012a6c0
12a884	12a8a8	FUN_0012a808
12a938	12a95c	FUN_0012a8bc
12b5e0	12b5f8	FUN_0012b520
12b788	12b7a8	FUN_0012b6a8
12bc70	12bc90	FUN_0012bb48
12d2d8	12d2f0	FUN_0012cfa4
12dab4	12dab8	FUN_0012d2f0
12df58	12df70	FUN_0012dd58
12e450	12e468	FUN_0012df90
12e534	12e554	FUN_0012e488
12e658	12e674	FUN_0012e56c
12e6cc	12e6e8	FUN_0012e56c
12e718	12e734	FUN_0012e56c
12e768	12e784	FUN_0012e56c
12e7ac	12e7c8	FUN_0012e56c
12e88c	12e8ac	FUN_0012e56c
12e9f0	12e9f4	FUN_0012e8c0
12ea90	12eab0	FUN_0012e8c0
12ec10	12ec2c	FUN_0012eacc
12eec4	12eee0	FUN_0012eacc
12eef4	12ef10	FUN_0012eacc
12efa8	12efac	FUN_0012eacc
12f090	12f0b0	FUN_0012eacc
12f3b0	12f3b4	FUN_0012f0f8
12fe18	12fe38	FUN_0012f0f8
130068	130080	FUN_0012fe8c
130f08	130f28	FUN_00130ec0
130fac	130fcc	FUN_00130f64
131224	131244	FUN_001311cc
1313d8	1313f8	FUN_001312f4
131b68	131b88	FUN_00131a80
132448	13245c	FUN_001322a8
13245c	13247c	FUN_001322a8
133f50	133f64	FUN_0013323c
133f84	133f9c	FUN_0013323c
134070	134090	FUN_00133fe4
1348bc	1348dc	FUN_00134658
1351a4	1351c4	FUN_00135110
135258	135278	FUN_001351c4
1361b4	1361d4	FUN_00135fb0
136f5c	136f60	?
136fac	136fcc	FUN_00136ec8
137234	137238	FUN_0013719c
137284	1372a4	FUN_0013719c
137620	137640	FUN_00137474
13785c	13787c	FUN_00137694
139f4c	139f64	FUN_00139d40
13b49c	13b4b8	FUN_0013b3f0
13b808	13b824	FUN_0013b3f0
13b978	13b994	FUN_0013b3f0
13ba90	13bab0	FUN_0013b3f0
13c1cc	13c1e4	FUN_0013bd68
13c5d4	13c5e8	FUN_0013c210
13c5e8	13c600	FUN_0013c210
13ca48	13ca5c	FUN_0013c60c
13ca5c	13ca74	FUN_0013c60c
13d2d8	13d2f0	FUN_0013d160
13dba4	13dba8	FUN_0013da3c
13dd38	13dd50	FUN_0013da3c
13de58	13de74	FUN_0013da3c
13e7c8	13e7cc	FUN_0013da3c
13eda8	13edc4	FUN_0013da3c
13ee04	13ee08	FUN_0013da3c
13f3bc	13f3d4	FUN_0013da3c
13fd28	13fd44	FUN_0013fc38
13fd5c	13fd78	FUN_0013fc38
1407a0	1407bc	FUN_0013fc38
140dfc	140e10	FUN_0013fc38
140e44	140e5c	FUN_0013fc38
142f70	142f88	FUN_00142974
143de4	143df8	FUN_0014375c
143e18	143e30	FUN_0014375c
146564	14657c	FUN_00145670
1465d8	1465f0	FUN_0014657c
148328	14832c	FUN_00147f54
14b00c	14b010	FUN_0014acb8
14b720	14b724	FUN_0014b150
14b7f4	14b7f8	FUN_0014b150
14bbe4	14bbe8	FUN_0014b82c
14d794	14d798	FUN_0014d274
14e1b8	14e1bc	FUN_0014d8f8
14e984	14e99c	FUN_0014e6e4
1518ac	1518b0	FUN_00151370
1521dc	1521e0	FUN_00151a74
152b28	152b2c	FUN_001524b8
154118	15411c	FUN_00152ea8
154a44	154a48	FUN_001541f0
155148	15514c	FUN_00154dc0
155264	155268	FUN_00154dc0
155c88	155c8c	FUN_00155a60
15626c	156270	FUN_00155a60
156f34	156f38	FUN_00156d48
1579dc	1579e0	FUN_00156d48
157b48	157b60	FUN_00156d48
1585a0	1585a4	FUN_00158264
1595b4	1595cc	FUN_00158c3c
15d458	15d45c	FUN_0015ceb0
15dd3c	15dd40	FUN_0015ceb0
15e120	15e124	FUN_0015df44
15e1a0	15e1a4	FUN_0015df44
15e798	15e79c	FUN_0015e494
15ecf4	15ecf8	FUN_0015ea3c
15f108	15f10c	FUN_0015ea3c
15f2a4	15f2a8	FUN_0015ea3c
15fe5c	15fe60	FUN_0015f44c
161550	161554	FUN_00160eb0
1615f8	1615fc	FUN_00160eb0
1616c8	1616cc	FUN_00160eb0
162b2c	162b30	FUN_001621c8
165f24	165f28	FUN_00165d3c
165f38	165f58	FUN_00165d3c
166220	166224	FUN_00165fa8
166238	166258	FUN_00165fa8
168f84	168f88	FUN_00168d80
1690f8	1690fc	FUN_00168d80
169358	16935c	FUN_00168d80
1693b8	1693bc	FUN_00168d80
1697fc	169800	FUN_00168d80
169e18	169e1c	FUN_00169b70
16a874	16a878	FUN_0016a568
16a890	16a8ac	FUN_0016a568
16b0e8	16b104	FUN_0016a568
16bd48	16bd54	FUN_0016a568
16c1e4	16c1fc	FUN_0016bd70
16df58	16df78	FUN_0016dd04
16fee8	16fefc	?
16fefc	16ff10	?
16ff24	16ff3c	FUN_0016ff54
1716ec	1716f0	FUN_00170e6c
171808	17180c	FUN_00171714
17182c	171848	FUN_00171714
1718cc	1718ec	FUN_00171714
171ee4	171f1c	FUN_00171e68
171f2c	171f54	FUN_00171e68
171f54	171f58	FUN_00171e68
171f58	171f5c	FUN_00171e68
171f5c	171f60	FUN_00171e68
171f60	171f64	FUN_00171e68
171fa0	171fd0	FUN_00171e68
1724d4	1724f4	FUN_0017247c
179228	179248	FUN_00179138
17a24c	17a26c	FUN_0017a130
17aed4	17aef4	FUN_0017ae28
17befc	17bf00	FUN_0017bd78
17c3a8	17c3ac	FUN_0017c244
17cf98	17cf9c	FUN_0017ce7c
17d14c	17d150	FUN_0017d06c
17d1e0	17d200	FUN_0017d06c
17d330	17d334	FUN_0017d26c
17e138	17e13c	FUN_0017e02c
17e550	17e554	FUN_0017e3f4
17ea3c	17ea40	FUN_0017e7e0
17ece0	17ece4	FUN_0017ebb0
17edb0	17edd0	FUN_0017ebb0
17f03c	17f040	FUN_0017ee68
1811d8	1811f8	FUN_00180830
181fdc	181ff8	FUN_00181f00
182010	18202c	FUN_00181f00
182040	182060	FUN_00181f00
183a98	183a9c	FUN_00181f00
1840ac	1840cc	FUN_0018401c
18421c	184238	FUN_0018413c
184250	18426c	FUN_0018413c
184290	1842b0	FUN_0018413c
185878	18587c	FUN_00184ef0
185c28	185c2c	FUN_001859bc
18a528	18a548	FUN_0018a440
18a68c	18a690	FUN_0018a440
18e13c	18e150	FUN_0018dabc
18e150	18e164	FUN_0018dabc
18e174	18e18c	FUN_0018dabc
18e854	18e868	FUN_0018e1a8
18e878	18e890	FUN_0018e1a8
18f21c	18f220	FUN_0018e1a8
18f280	18f284	FUN_0018e1a8
190e78	190e7c	FUN_00190990
191eec	191efc	FUN_001920e0
1920bc	1920e0	FUN_001920e0
1922a0	1922c4	FUN_00191efc
19279c	1927a0	FUN_001922c4
19323c	193240	FUN_0019286c
193b88	193ba8	FUN_00193b3c
193c74	193c94	FUN_00193c00
194bac	194bc8	FUN_00194aa8
194bc8	194be8	FUN_00194aa8
194dfc	194e1c	FUN_00194d44
194f48	194f64	FUN_00194e44
194f64	194f84	FUN_00194e44
1951b0	1951d0	FUN_001950e0
19b998	19b9ac	FUN_0019d480
19ba28	19ba3c	FUN_0019d480
19bab0	19bac4	FUN_0019ba3c
19d55c	19d57c	FUN_0019d4e8
19dd38	19dd4c	FUN_0019dcb0
19de30	19de50	FUN_0019dd7c
19df28	19df3c	FUN_0019deb0
19dfcc	19dfe0	FUN_0019df54
1a2874	1a2878	FUN_001a25a8
