97b853f0	97b853f8	_PPParserParseSwizzleCode
97b86c5c	97b86c64	_op_shl
97b86c64	97b86c6c	_op_shl
97b86c6c	97b86c74	_op_shl
97b86c74	97b86c7c	_op_shl
97b86c98	97b86ca0	_op_pos
97b99088	97b99094	FUN_97b9907c
97b990a0	97b990ac	FUN_97b9907c
97b990ac	97b990b4	FUN_97b9907c
97b9928c	97b99298	FUN_97b99274
97b99298	97b992a4	FUN_97b99274
97b992a4	97b992ac	FUN_97b99274
97b998a8	97b998b4	FUN_97b9989c
97b998c0	97b998cc	FUN_97b9989c
97b998cc	97b998d4	FUN_97b9989c
97b99ec4	97b99ed0	FUN_97b99eb8
97b99edc	97b99ee8	FUN_97b99eb8
97b99ee8	97b99ef0	FUN_97b99eb8
97b9a058	97b9a064	FUN_97b9a04c
97b9a070	97b9a07c	FUN_97b9a04c
97b9a07c	97b9a084	FUN_97b9a04c
97b9a85c	97b9a868	FUN_97b9a844
97b9a868	97b9a874	FUN_97b9a844
97b9a874	97b9a87c	FUN_97b9a844
97bae35c	97bae368	_CPPWarningToInfoLog
97bae368	97bae374	_CPPWarningToInfoLog
97bae374	97bae380	_CPPWarningToInfoLog
97bae380	97bae388	_CPPWarningToInfoLog
97bd3c20	97bd3c28	_InterpreterTextureSamplerSampleTexel3D
97c08028	97c08030	_GetStreamArray
97c102ec	97c102f4	_instructionIndexHashFunction
97c1ddfc	97c1de10	save_world
