0x97b853f0	8	orph_97b853f0	part_000	converted
0x97b86c5c	8	orph_97b86c5c	part_000	converted
0x97b86c64	8	orph_97b86c64	part_000	converted
0x97b86c6c	8	orph_97b86c6c	part_000	converted
0x97b86c74	8	orph_97b86c74	part_000	converted
0x97b86c98	8	orph_97b86c98	part_000	converted
0x97b99088	240	orph_97b99088	part_000	converted
0x97b99094	240	orph_97b99094	part_000	converted
0x97b990a0	240	orph_97b990a0	part_000	converted
0x97b990ac	236	orph_97b990ac	part_000	converted
0x97b99280	248	orph_97b99280	part_000	converted
0x97b9928c	248	orph_97b9928c	part_000	converted
0x97b99298	248	orph_97b99298	part_000	converted
0x97b992a4	244	orph_97b992a4	part_000	converted
0x97b998a8	248	orph_97b998a8	part_000	converted
0x97b998b4	248	orph_97b998b4	part_000	converted
0x97b998c0	248	orph_97b998c0	part_000	converted
0x97b998cc	244	orph_97b998cc	part_000	converted
0x97b99ec4	248	orph_97b99ec4	part_000	converted
0x97b99ed0	248	orph_97b99ed0	part_000	converted
0x97b99edc	248	orph_97b99edc	part_000	converted
0x97b99ee8	244	orph_97b99ee8	part_000	converted
0x97b9a058	248	orph_97b9a058	part_000	converted
0x97b9a064	248	orph_97b9a064	part_000	converted
0x97b9a070	248	orph_97b9a070	part_000	converted
0x97b9a07c	244	orph_97b9a07c	part_000	converted
0x97b9a850	324	orph_97b9a850	part_000	converted
0x97b9a85c	324	orph_97b9a85c	part_000	converted
0x97b9a868	324	orph_97b9a868	part_000	converted
0x97b9a874	320	orph_97b9a874	part_000	converted
0x97bae35c	236	orph_97bae35c	part_000	converted
0x97bae368	236	orph_97bae368	part_000	converted
0x97bae374	236	orph_97bae374	part_000	converted
0x97bae380	232	orph_97bae380	part_000	converted
0x97bd3c20	8	orph_97bd3c20	part_000	converted
0x97c08028	8	orph_97c08028	part_000	converted
0x97c102ec	8	orph_97c102ec	part_000	converted
0x97c10924	8	orph_97c10924	part_000	converted
0x97c1992c	8	orph_97c1992c	part_000	converted
0x97c1ddfc	20	orph_97c1ddfc	part_000	converted
